dataset,model,n_estimators,max_depth,random_seed,auc,brier,brier_scaled,hosmer_lemshow,speigelhalter,reliability_small,reliability_large
breast_cancer,CF-Iso,30,3,0,0.9798591549295774,0.03715550750923005,0.8469768739327611,0.0,0.018335256236801507,0.0012471581611547009,3.0542128912985254e-05
breast_cancer,CF-Logit,30,3,0,0.9866197183098592,0.034167388115452654,0.8592832963543731,1.6653345369377348e-15,0.0010804836684981571,0.0008108950038709431,9.060002432575561e-05
breast_cancer,RC-Iso,30,3,0,0.9756338028169015,0.03260138412136729,0.8657328066066337,0.0,0.015329839055549325,0.002098457440611423,2.3806831256705988e-05
breast_cancer,RC-Logit,30,3,0,0.9816197183098592,0.037303781888267426,0.8463662132119961,0.1562809140505983,0.8867003917897155,0.0013690170517585275,0.0006123816334319384
breast_cancer,RF-NoCal,30,3,0,0.9828169014084507,0.03496054789966551,0.8560167068825184,0.424384748374516,0.1640492175070707,0.003744394627767314,3.601223758521381e-05
breast_cancer,CF-Iso,30,5,0,0.9808450704225353,0.028361748795663652,0.8831935356994365,0.7314639869417976,0.8904655586166954,0.001195908261812207,3.683633135148163e-05
breast_cancer,CF-Logit,30,5,0,0.9893661971830986,0.037146205912009345,0.8470151821023852,7.805133872551551e-08,0.00016816693675851402,0.00318232515699772,0.00011133297426877809
breast_cancer,RC-Iso,30,5,0,0.967112676056338,0.043903313983077605,0.8191863656085673,0.0,5.754604475990043e-29,0.003946541373139386,0.0002532575687689489
breast_cancer,RC-Logit,30,5,0,0.9865492957746478,0.034274477169709106,0.8588422553634558,0.05164660396021037,0.1111033341969142,0.002204815481467892,4.9805049664123666e-05
breast_cancer,RF-NoCal,30,5,0,0.977112676056338,0.035062618273978316,0.8555963350775493,0.0,0.7540153285435877,0.003381311440744189,2.029816658554798e-07
breast_cancer,CF-Iso,30,7,0,0.9704225352112676,0.032848583886977076,0.8647147265578737,0.0,0.11300968506370583,0.0009330652694740765,2.8653337041616636e-06
breast_cancer,CF-Logit,30,7,0,0.9840845070422535,0.028893845976202027,0.8810021196915319,0.08518696599686759,0.4429925802698971,0.0007004807702486988,8.50201335820115e-05
breast_cancer,RC-Iso,30,7,0,0.9795774647887323,0.03890056097907541,0.8397899572409656,0.0,0.09678417042475207,0.006419182899875639,0.0002975528927258315
breast_cancer,RC-Logit,30,7,0,0.986549295774648,0.029312313270787985,0.8792786827674491,0.9009546182886795,0.4682638553566548,0.000492147538123775,2.575468399442393e-07
breast_cancer,RF-NoCal,30,7,0,0.9778873239436618,0.034151913264012325,0.8593470287671853,2.345880692811164e-06,0.7446095267223198,0.003549562680561162,5.898451044043488e-06
breast_cancer,CF-Iso,100,3,0,0.9795774647887324,0.03427054981299869,0.8588584299884656,0.0,0.36792390056175084,0.0006060384401410298,5.859364795209959e-06
breast_cancer,CF-Logit,100,3,0,0.9845774647887323,0.034018776847299814,0.859895344536353,0.0,1.2051792437812826e-05,0.0013188316164246465,1.2165606538672994e-05
breast_cancer,RC-Iso,100,3,0,0.9754225352112676,0.03633989109752303,0.8503359499179337,0.0,1.2815084428235223e-08,0.0024176794509677842,2.8900219651273418e-05
breast_cancer,RC-Logit,100,3,0,0.9880281690140845,0.03408975479209664,0.8596030253696201,0.6979476274886229,0.4464471810238537,0.0005807772882041591,8.2311177438767e-06
breast_cancer,RF-NoCal,100,3,0,0.986056338028169,0.03503113041340965,0.855726016279083,0.1393842185732146,0.1319372661868889,0.005179572636611714,5.778964723377695e-05
breast_cancer,CF-Iso,100,5,0,0.9811267605633802,0.031234330737804714,0.8713629485768806,0.02935365800178502,0.043984617540374076,0.001772169295023597,6.085306614071769e-07
breast_cancer,CF-Logit,100,5,0,0.9904225352112677,0.03534008610910614,0.8544535974765672,0.0,3.0631564941618517e-10,0.004000420072169245,3.27962210913884e-06
breast_cancer,RC-Iso,100,5,0,0.9775352112676056,0.0429943093909749,0.8229300562110567,0.0,0.3051086305021069,0.002479246805420064,0.00043145729114791155
breast_cancer,RC-Logit,100,5,0,0.9890140845070422,0.028695345773617556,0.8818196329906548,1.7321429753858197e-05,0.10446161506954535,0.0010230098396967083,1.630794690910128e-05
breast_cancer,RF-NoCal,100,5,0,0.99,0.03056768934686168,0.8741084782828757,0.7863980394694383,0.41067976789314853,0.002126146495279026,1.0175321344452604e-05
breast_cancer,CF-Iso,100,7,0,0.986056338028169,0.030312013641916994,0.8751614660699585,0.0,0.09305981670582267,0.0017563542424710692,1.5745882299839897e-05
breast_cancer,CF-Logit,100,7,0,0.9874647887323944,0.03441962331519953,0.8582444781183451,0.0,6.723607082156314e-14,0.0022231201201093854,6.048542909669675e-05
breast_cancer,RC-Iso,100,7,0,0.9697887323943662,0.04264350878256102,0.8243748112238216,0.0,1.1532615110643773e-92,0.0013083520867552521,1.8050449402350927e-07
breast_cancer,RC-Logit,100,7,0,0.9841549295774648,0.030583529319733044,0.8740432421354487,1.1679546219056647e-13,0.07832069298096796,0.00088097328824546,0.00013459847904682964
breast_cancer,RF-NoCal,100,7,0,0.986056338028169,0.03310886408607914,0.8636427753885859,1.9643919824119394e-09,0.5322330920688803,0.002595226600891713,3.6244726746708517e-06
breast_cancer,CF-Iso,200,3,0,0.9749999999999999,0.03645020414576623,0.8498816310667112,0.0,0.011433266621971966,0.000978369589847271,4.084282322003763e-06
breast_cancer,CF-Logit,200,3,0,0.9845070422535211,0.035706014957919,0.8529465375514775,2.5682467263976605e-10,3.8780511649122184e-05,0.0014835169359853188,5.016361854394476e-08
breast_cancer,RC-Iso,200,3,0,0.9690140845070423,0.04131256827693795,0.829856224086487,0.0,3.948119369739511e-05,0.002364322284880354,6.373469442841462e-05
breast_cancer,RC-Logit,200,3,0,0.9852112676056338,0.030660901994601402,0.8737245865881493,0.47195123886411905,0.8358264544638929,0.000986779258661252,2.675195456392091e-05
breast_cancer,RF-NoCal,200,3,0,0.9861971830985915,0.0340864534616714,0.8596166217362348,0.5948220996720455,0.12241886106699655,0.0036250296175051613,1.634499857985866e-05
breast_cancer,CF-Iso,200,5,0,0.9858450704225352,0.031893192013097975,0.8686494608936622,0.0,0.02250972947651896,0.0014590886115589637,8.133865614436304e-05
breast_cancer,CF-Logit,200,5,0,0.9863380281690141,0.03239911366871151,0.8665658474948179,0.0,1.3762105498126373e-08,0.0018473558430396973,4.5321302318052635e-06
breast_cancer,RC-Iso,200,5,0,0.9773239436619718,0.036769570972093685,0.8485663345359167,0.0,0.00025142046823071004,0.005266574526656196,0.0002251110316600128
breast_cancer,RC-Logit,200,5,0,0.9888732394366198,0.03131470803127416,0.8710319186559876,0.0023283387510514286,0.01765321117757861,0.002275674216999129,1.5465106810539354e-05
breast_cancer,RF-NoCal,200,5,0,0.9849295774647887,0.031338546893467586,0.8709337394771992,0.13442098293585814,0.4062666768958533,0.002702846407518471,1.699878031602534e-06
breast_cancer,CF-Iso,200,7,0,0.9816197183098592,0.027180005422998227,0.888060487524804,0.0,0.10677984676395523,0.001885134691792862,2.4560671666314747e-06
breast_cancer,CF-Logit,200,7,0,0.9829577464788732,0.03346049751101545,0.8621945904620278,0.0,6.041740840613149e-12,0.002091843357297076,4.066741954268597e-05
breast_cancer,RC-Iso,200,7,0,0.9690845070422536,0.03988625722956621,0.8357304158239796,0.0,2.637064368849149e-18,0.0016553412378613862,0.00029649150398053435
breast_cancer,RC-Logit,200,7,0,0.9852816901408451,0.045046780368008583,0.8144770556702903,0.0,6.408681249277074e-18,0.006214176441655718,0.00046320412339809566
breast_cancer,RF-NoCal,200,7,0,0.9835211267605634,0.03102918843856551,0.8722078170236487,0.0047559184552473655,0.5265113856921346,0.002855678938743549,9.634273765595394e-09
breast_cancer,CF-Iso,30,3,1,0.9769162474104764,0.05148166557196131,0.7772454301583722,0.4857076290193423,0.34617922838234394,0.002555452084198898,5.779727194226977e-06
breast_cancer,CF-Logit,30,3,1,0.9786919206865936,0.04959491024555755,0.7854091786785515,0.0618086753050231,0.008482612072150016,0.002279386196862885,7.06847017299234e-05
breast_cancer,RC-Iso,30,3,1,0.9396271086120154,0.05847880245879242,0.7469697154931121,0.0,5.7678829550977165e-117,0.005764126913484357,4.3250619306659646e-05
breast_cancer,RC-Logit,30,3,1,0.9735128736312517,0.05730067005238245,0.7520673434445524,0.8264587122102445,0.08142263375663875,0.0008898935811159521,1.6161792772572896e-05
breast_cancer,RF-NoCal,30,3,1,0.9801716484166914,0.053112056980884184,0.7701909354575267,0.8828139742643044,0.48110472892804357,0.0010022073055944787,5.7838273389777685e-05
breast_cancer,CF-Iso,30,5,1,0.9784699615270791,0.05308594985900466,0.7703038976284173,0.0,0.3621314378518482,0.006172255648535015,2.7354849173989836e-05
breast_cancer,CF-Logit,30,5,1,0.9813554306007695,0.04491167270976067,0.8056729473651802,0.0024443550120749613,0.0039953200700114985,0.0037084592458317043,8.476145439267641e-05
breast_cancer,RC-Iso,30,5,1,0.9653003847292099,0.04620346379637014,0.8000835328692425,0.0,3.2117983898906746e-14,0.0019692480870393096,2.005262802301269e-05
breast_cancer,RC-Logit,30,5,1,0.9844628588339746,0.05147888474089636,0.7772574624580423,0.11756005286349147,7.409811627004e-06,0.0008517743969426126,0.0001726714543229227
breast_cancer,RF-NoCal,30,5,1,0.9843148860609648,0.04260013141412942,0.8156746903402547,0.46446420790537735,0.2875900992210946,0.0018357365205349404,0.00019641360550554768
breast_cancer,CF-Iso,30,7,1,0.974104764723291,0.04652441208165517,0.7986948307665465,0.6519334853783816,0.526637675811837,0.0015105521031702274,0.0003031759816980816
breast_cancer,CF-Logit,30,7,1,0.9865344776561112,0.05578821950970867,0.7586115231306021,1.776813154974466e-05,0.0016740933318304847,0.009477476005181939,0.0011038248324122721
breast_cancer,RC-Iso,30,7,1,0.9803196211897011,0.04484763866941345,0.8059500144521576,0.0,0.005860883346313845,0.001955339820936733,0.0003934828946004832
breast_cancer,RC-Logit,30,7,1,0.9886800828647528,0.03788384406923289,0.8360814613157089,0.6522091560183751,0.9180391143207961,0.0009067035624439435,0.00014027959742103364
breast_cancer,RF-NoCal,30,7,1,0.9828351583308671,0.0477812473532293,0.7932566656028739,0.9838532085575288,0.3168119242482106,0.0015068768001715448,0.00025514792555712666
breast_cancer,CF-Iso,100,3,1,0.9707013909440663,0.0514603942966553,0.7773374682408261,0.0,0.045123896757962835,0.0025759071898878256,0.0001015045273210755
breast_cancer,CF-Logit,100,3,1,0.982243267238828,0.046149881318785425,0.8003153773834559,0.07319776661679789,0.15319197122953815,0.002989028073322081,0.00013405726425922172
breast_cancer,RC-Iso,100,3,1,0.9728469961527079,0.049396718930610393,0.7862667271012166,0.0,0.0008947670048611679,0.0013040948561596848,0.00031598157831727917
breast_cancer,RC-Logit,100,3,1,0.9865344776561112,0.04416978835059441,0.8088829859189507,0.07811073359025178,0.012591948865238678,0.0018874706734114302,5.429289095643529e-08
breast_cancer,RF-NoCal,100,3,1,0.9834270494229062,0.04542912144296084,0.8034340130047917,0.7717136462700679,0.11795267919555114,0.002062778694225515,9.046250718681737e-05
breast_cancer,CF-Iso,100,5,1,0.9844628588339746,0.039389727519067684,0.8295656965988372,0.8331569963879726,0.5629622137763888,0.00103957936947353,2.8735535351616724e-05
breast_cancer,CF-Logit,100,5,1,0.9846108316069843,0.05025594963815986,0.7825489459352719,0.00014393210251062438,0.0024456758780764198,0.0075788388269676325,0.0005339284336988532
breast_cancer,RC-Iso,100,5,1,0.9788398934596034,0.04818791917452432,0.7914970487448556,0.0,0.4274708579656893,0.002002122995669129,0.00010517888029386177
breast_cancer,RC-Logit,100,5,1,0.9817253625332939,0.046792683510867454,0.797534054669832,0.7546874626697666,0.2131500583145628,0.0005865276259747493,5.1972031439357685e-05
breast_cancer,RF-NoCal,100,5,1,0.9832790766498964,0.04559363877839904,0.8027221675763294,0.765677419163849,0.2656437339036649,0.0015472385099986692,5.5184805761251306e-05
breast_cancer,CF-Iso,100,7,1,0.9782480023675644,0.043494752602846826,0.8118037790973892,0.0,0.20481894446255666,0.0018222657681512787,0.00010866981958217024
breast_cancer,CF-Logit,100,7,1,0.9837229949689257,0.0499751505497662,0.7837639276079146,1.0987018214114741e-05,0.016908529277362368,0.008054721576297887,0.0013409364502004156
breast_cancer,RC-Iso,100,7,1,0.9112903225806451,0.06808715535928041,0.7053956037495237,0.0,2.1073567530991938e-14,0.011942009275306448,0.004047953130816488
breast_cancer,RC-Logit,100,7,1,0.9856466410180528,0.04263960637876705,0.8155038872267643,0.694072039544097,0.7640301950101412,0.0020102695045673123,0.0003120734788112394
breast_cancer,RF-NoCal,100,7,1,0.9893459603432968,0.03922353555159893,0.830284787945501,0.9881311194103677,0.12162078285028334,0.0009732744791754594,4.777329232081359e-05
breast_cancer,CF-Iso,200,3,1,0.9788398934596034,0.049173716452164236,0.7872316302489295,0.5933068632722553,0.4823306887403601,0.001515314923934025,0.0001286784368211339
breast_cancer,CF-Logit,200,3,1,0.9843148860609647,0.04816848814997684,0.7915811242980952,0.013896780338272352,0.04704339891493205,0.002109921072515843,6.167133527993225e-05
breast_cancer,RC-Iso,200,3,1,0.9755105060668836,0.0415886991327629,0.8200510282123232,0.0,0.022884244139863293,0.0019435324003533403,6.445131368104723e-05
breast_cancer,RC-Logit,200,3,1,0.9831311038768866,0.05722973084764714,0.7523742882929787,0.043752718957348447,0.019265026819079316,0.004093711511822596,8.268758497693335e-06
breast_cancer,RF-NoCal,200,3,1,0.9850547499260137,0.045946928648198465,0.8011935275818332,0.8922730197340873,0.13987965929873075,0.001589978281329139,6.326659890915633e-05
breast_cancer,CF-Iso,200,5,1,0.9796537437111571,0.04238184408729867,0.8166191916311483,0.17604492063159494,0.5145364402122186,0.0024889801997033762,5.0272311256965136e-06
breast_cancer,CF-Logit,200,5,1,0.9877182598401893,0.04447504164578233,0.8075621940271795,0.009514383248033331,0.2689821086411901,0.006151268856837552,0.0008300192378572144
breast_cancer,RC-Iso,200,5,1,0.9770642201834863,0.04947328092717142,0.7859354531530898,0.0,0.0007100764530321109,0.006285555090240397,9.182246264433644e-05
breast_cancer,RC-Logit,200,5,1,0.9844628588339746,0.044931874414511117,0.8055855371774608,0.6272276778982722,0.5766434609042701,0.0014002058426339074,0.00036970168947887694
breast_cancer,RF-NoCal,200,5,1,0.9865344776561112,0.04257283105649939,0.8157928154893314,0.9848402590015009,0.2436645971789141,0.0007165660868696715,4.234537686335811e-05
breast_cancer,CF-Iso,200,7,1,0.9806155667357205,0.03645135233267769,0.8422796694939585,0.6867965707849653,0.9850726646532443,0.0009934654820516545,3.235641583150834e-07
breast_cancer,CF-Logit,200,7,1,0.9869783959751406,0.05231814140719337,0.7736261064090351,6.589547709623389e-05,0.30243343670463896,0.013201939762649084,0.00293626719709401
breast_cancer,RC-Iso,200,7,1,0.9862385321100917,0.03372050341833196,0.8540957028032784,0.0,0.050142137091741895,0.003623705781215241,0.0004493596749439925
breast_cancer,RC-Logit,200,7,1,0.9800236756436816,0.05103669002578597,0.7791707823255389,0.021921002958029123,0.0848307936025334,0.0021089278092692905,2.3500010355142527e-05
breast_cancer,RF-NoCal,200,7,1,0.9859425865640722,0.04101948833526438,0.822513930391911,0.7815357853448278,0.1706251752023369,0.001270974691573916,4.093489481136018e-05
breast_cancer,CF-Iso,30,3,2,0.991290691033695,0.03891158210120014,0.8375480336634504,0.8534256919329427,0.1043482617421196,0.0032209386141283957,5.938626334805929e-05
breast_cancer,CF-Logit,30,3,2,0.9905768132495716,0.051941775752992324,0.783148277442426,0.03057478100262412,0.8260910807284427,0.013452572522213274,0.004903332637451157
breast_cancer,RC-Iso,30,3,2,0.9758709308966305,0.04171413895024084,0.8258476389143358,0.0,0.2968568847104065,0.004760501603625227,0.0022042444862645683
breast_cancer,RC-Logit,30,3,2,0.9837235865219874,0.042825707042254975,0.821206953223504,0.6553999745153418,0.890243375612338,0.0016092692401933994,1.7667660131694674e-05
breast_cancer,RF-NoCal,30,3,2,0.9898629354654483,0.04267731230146167,0.8218264864353169,0.5979548115358062,0.016621975141010083,0.004512355909839811,0.00012205504130295361
breast_cancer,CF-Iso,30,5,2,0.9820102798400914,0.044072557681505864,0.8160014764184875,0.9291269870223834,0.2384886730384449,0.0013449280378531154,0.0004625518548506471
breast_cancer,CF-Logit,30,5,2,0.9907195888063963,0.050609054846037754,0.7887122540329826,1.077409117478112e-08,0.07207818581990807,0.014139808037365073,0.003511412766316549
breast_cancer,RC-Iso,30,5,2,0.9675185608223872,0.047594471195229214,0.8012978394889068,0.0,3.693475265984858e-09,0.003855273700393519,0.0010344181796504274
breast_cancer,RC-Logit,30,5,2,0.9912906910336949,0.040429306699479015,0.8312116851514184,0.6552141577452446,0.3588784055957889,0.0034870077578676396,8.870610520964104e-05
breast_cancer,RF-NoCal,30,5,2,0.9934323243860651,0.03468846097294383,0.8551791423029911,0.763400132729384,0.03808831169171122,0.0030548627781860327,5.17145634898005e-06
breast_cancer,CF-Iso,30,7,2,0.991719017704169,0.034758945585770945,0.8548848760888738,0.8973085171323466,0.2650454598475278,0.0025950483245309863,8.058800233818246e-05
breast_cancer,CF-Logit,30,7,2,0.9932895488292405,0.04843778560668079,0.7977770861043756,1.0117347459814852e-06,0.022265722540603824,0.016413235437361097,0.003271632424505441
breast_cancer,RC-Iso,30,7,2,0.9844374643061109,0.04626906891666847,0.806831261537364,0.0,0.3493013987987492,0.0014793690799728928,0.00010186938747936375
breast_cancer,RC-Logit,30,7,2,0.9897201599086237,0.03653785889313463,0.847458090820367,0.7621177926358551,0.3740699742761673,0.0015703168636499085,0.00028823489550464803
breast_cancer,RF-NoCal,30,7,2,0.9954311821816105,0.030835848834064865,0.8712634129416204,0.7323235708431954,0.008917212529650697,0.0037799232234990063,2.5615396894982572e-05
breast_cancer,CF-Iso,100,3,2,0.9898629354654482,0.037649842287263244,0.8428156712847138,0.9813386898715168,0.312314192547402,0.0010282498335589122,0.0001693288719187884
breast_cancer,CF-Logit,100,3,2,0.9910051399200457,0.037321118000075135,0.8441880623300689,0.8582711763450116,0.5194866265932749,0.0017307702152039642,0.0004329021331450861
breast_cancer,RC-Iso,100,3,2,0.9880782410051399,0.03192280371592561,0.8667254849432637,0.9169945996061872,0.6686010199173418,0.0010165381211546165,6.417092368997428e-05
breast_cancer,RC-Logit,100,3,2,0.9920045688178185,0.03547202637862302,0.8519078350460714,0.9322529628116782,0.48551033642011465,0.0014339926924031902,0.00023309386705307417
breast_cancer,RF-NoCal,100,3,2,0.9901484865790976,0.040204330767498256,0.8321509371826933,0.4356080076147709,0.013426466142676095,0.007695007213725516,2.448394958825712e-05
breast_cancer,CF-Iso,100,5,2,0.9896487721302113,0.03646050077634069,0.8477810532265879,0.9819778012312258,0.29986795864755844,0.0011552475927525572,5.945186692093239e-05
breast_cancer,CF-Logit,100,5,2,0.992575671045117,0.043351459216158614,0.8190119904426479,0.00015536483767653042,0.34097543138862596,0.011836737127633504,0.0027533689789218823
breast_cancer,RC-Iso,100,5,2,0.9815819531696173,0.05517743402114387,0.769639727553931,0.0,0.24409870771224995,0.009058798722983496,0.0020246756801681207
breast_cancer,RC-Logit,100,5,2,0.9941462021701885,0.026231145496639456,0.8904875891680134,0.004064610371857125,0.1875700530505694,0.0005732341927860336,0.00014169039303775572
breast_cancer,RF-NoCal,100,5,2,0.9928612221587664,0.036304900371404054,0.8484306693660443,0.6677750425405893,0.025804649129273504,0.003994804701416917,1.715527022839709e-05
breast_cancer,CF-Iso,100,7,2,0.9933609366076528,0.028424615355813258,0.8813300717276791,0.9501667309155416,0.3111200415567462,0.0008355390257997579,0.0001806972610122959
breast_cancer,CF-Logit,100,7,2,0.991719017704169,0.03807130959275761,0.8410560874069353,0.14678050724584024,0.17617456335226545,0.0058169746533093475,0.0014409761989237926
breast_cancer,RC-Iso,100,7,2,0.9887921187892632,0.03106040680978721,0.8703259058359526,0.0,0.8388194479609643,0.0013531502578097792,0.00011842036915151392
breast_cancer,RC-Logit,100,7,2,0.9912193032552827,0.035625026453115785,0.8512690750263338,0.9281046177492777,0.36989982245055,0.0006640676274646458,8.338591002156594e-05
breast_cancer,RF-NoCal,100,7,2,0.9921473443746431,0.035720171914102435,0.8508718522358267,0.7630918641323525,0.03963101121511158,0.003297862615992014,3.770418169440153e-05
breast_cancer,CF-Iso,200,3,2,0.9911479154768704,0.040442282896187405,0.8311575108270395,0.8944177899356086,0.4799597555900563,0.002876036448873296,7.84104585138133e-05
breast_cancer,CF-Logit,200,3,2,0.9901484865790976,0.03638922699643302,0.8480786141343949,0.7972561832207008,0.6468387423080031,0.0023600787709590885,0.0004092908428392984
breast_cancer,RC-Iso,200,3,2,0.9922901199314678,0.037223755248088,0.8445945420889005,0.9293238921616992,0.3593593649637161,0.0026325617716101567,0.00013891678437632173
breast_cancer,RC-Logit,200,3,2,0.9928612221587664,0.037737797333061526,0.8424484677589874,0.7873141391175633,0.31257068004510835,0.0019960176974052565,0.0008244494704525313
breast_cancer,RF-NoCal,200,3,2,0.9905768132495717,0.04043609496307316,0.8311833448293515,0.4250800642704613,0.013476163961262276,0.00673974885006873,2.960469558193329e-07
breast_cancer,CF-Iso,200,5,2,0.991504854368932,0.03418661300547016,0.8572743074110576,0.8805125976321556,0.13676581099196075,0.0036521638986798484,0.000315002141740048
breast_cancer,CF-Logit,200,5,2,0.9945745288406626,0.033566167363743266,0.859864605956137,0.03807248532414753,0.4453543423528197,0.00437070902902292,0.0010716789427487547
breast_cancer,RC-Iso,200,5,2,0.9757995431182183,0.043637411171751676,0.8178181696069117,0.0,2.4707123935307944e-12,0.0020107365305407987,0.00017543440496432057
breast_cancer,RC-Logit,200,5,2,0.9922901199314678,0.03421690496600814,0.8571478415032776,0.9291154248645777,0.9044655799794876,0.0012219167423902296,0.00034738009577643675
breast_cancer,RF-NoCal,200,5,2,0.9927184466019419,0.03598839700353317,0.849752039294644,0.6742229477151513,0.02491409697256844,0.004746717595473393,6.155526127093113e-06
breast_cancer,CF-Iso,200,7,2,0.9939320388349515,0.028002595780247438,0.8830919612778105,0.7951786467330944,0.08975005019240162,0.004179747883809463,6.736963546132164e-05
breast_cancer,CF-Logit,200,7,2,0.9937178754997145,0.03532604212578551,0.8525173047115799,0.015052858606494302,0.1346890430880924,0.005189699285007901,0.0011779021964378462
breast_cancer,RC-Iso,200,7,2,0.9751570531125071,0.027717972123426977,0.8842802365989252,0.0,2.1892213640451533e-178,0.0027682906443006563,1.2310181898509066e-08
breast_cancer,RC-Logit,200,7,2,0.9938606510565391,0.03143984015793115,0.868741809529117,0.8615906387241754,0.1900471320182121,0.0009721994531401761,0.0003604856474312537
breast_cancer,RF-NoCal,200,7,2,0.9944317532838377,0.03383221020190315,0.8587539036959095,0.7169549709179854,0.018751099622291715,0.0036867486499341955,6.686772116925383e-05
breast_cancer,CF-Iso,30,3,3,0.9873807325330871,0.04278904101940163,0.8074493154126927,0.9202900374065089,0.173109274977142,0.003134204703399457,7.372409751474536e-06
breast_cancer,CF-Logit,30,3,3,0.9812249923053248,0.04706733661529134,0.788196985231189,0.10080696128280808,0.29266650699030716,0.0014622515936699972,3.6945790527024395e-05
breast_cancer,RC-Iso,30,3,3,0.9831486611265005,0.03578664615293563,0.8389600923117897,0.6922762333817857,0.275004971787259,0.0014251729643691429,0.00037278545449872033
breast_cancer,RC-Logit,30,3,3,0.9862265312403816,0.03515687891035454,0.8417940449034046,0.005891241278576764,0.5303428982339581,0.0033069774909586457,0.0008205006760421776
breast_cancer,RF-NoCal,30,3,3,0.9813019390581718,0.04745124819753277,0.7864693831111026,0.4008370111082682,0.12278384696396062,0.004846826958020821,0.00011475951213688922
breast_cancer,CF-Iso,30,5,3,0.9708371806709757,0.046685121005025906,0.7899169554773835,0.6485021520254245,0.22006789459930287,0.0018337306589846698,0.0001394242679942234
breast_cancer,CF-Logit,30,5,3,0.9798399507540781,0.043916455972640885,0.8023759481231161,0.0,2.660962957559569e-08,0.004936587892143197,0.0006862325509237428
breast_cancer,RC-Iso,30,5,3,0.9707602339181287,0.033905381381812455,0.847425783781844,0.0,2.724112969902589e-06,0.0013527897742851565,0.0004635378158914749
breast_cancer,RC-Logit,30,5,3,0.9814558325638658,0.05123996439582733,0.769420160218777,5.15998355155034e-12,3.5344953586673315e-05,0.00499333118180237,0.0016992255727001856
breast_cancer,RF-NoCal,30,5,3,0.9921514312096029,0.03720146265284856,0.8325934180621815,0.8484946510174453,0.11922375263461717,0.002848858313805901,0.00022416327151820466
breast_cancer,CF-Iso,30,7,3,0.9742228377962451,0.04450963819934859,0.7997066281029314,0.0068335801223883275,0.6120063809619654,0.003356189027438379,0.0005738148260964665
breast_cancer,CF-Logit,30,7,3,0.9827639273622654,0.03801763416182761,0.8289206462717758,0.09788034555615654,0.303108595993251,0.0012690803973484615,2.983888432282097e-05
breast_cancer,RC-Iso,30,7,3,0.9646044936903664,0.04862362157316961,0.7811937029207368,0.4599042296351995,0.9053410986137769,0.004675029697719066,0.0004908222725632556
breast_cancer,RC-Logit,30,7,3,0.979609110495537,0.044430296700916506,0.8000636648458758,0.46657089848024513,0.20398645334365073,0.0008166505967488552,7.2127578422910905e-06
breast_cancer,RF-NoCal,30,7,3,0.9868421052631579,0.03899778486633751,0.8245099681014812,0.4982472215559123,0.02585851301634337,0.00532308653560831,1.3380340510437992e-05
breast_cancer,CF-Iso,100,3,3,0.9799938442597722,0.043461726504092794,0.8044222307315825,0.8787709597443736,0.9553691260335152,0.001957440309439999,0.00011382753016218169
breast_cancer,CF-Logit,100,3,3,0.9859956909818406,0.03759228673107112,0.8308347097101799,0.04012847075434345,0.5421508965126255,0.0014628741198174837,2.4104385543837773e-05
breast_cancer,RC-Iso,100,3,3,0.9690674053554941,0.0442903100038172,0.8006936049828226,0.0,2.51533971673781e-06,0.0009976167483724224,0.00012141565927595582
breast_cancer,RC-Logit,100,3,3,0.9836103416435826,0.04127502175612596,0.8142624020974332,0.10626073070025976,0.8312371104494528,0.0042036869171091775,1.1829848104818541e-05
breast_cancer,RF-NoCal,100,3,3,0.9850723299476761,0.04320488170638675,0.8055780323212597,0.28946164798053164,0.02459937251499389,0.006525458936158505,3.730980328546211e-05
breast_cancer,CF-Iso,100,5,3,0.9829947676208064,0.037891952573148965,0.8294862134208296,0.8451848556279731,0.6511936287908353,0.0014387310627060504,0.00013161996651278842
breast_cancer,CF-Logit,100,5,3,0.9841489689135119,0.034629974947016785,0.8441651127384244,0.11535089451824809,0.8444888163674557,0.002176124733264878,0.00018522592427716418
breast_cancer,RC-Iso,100,5,3,0.9699138196368114,0.04630477972138559,0.7916284912537649,0.0,0.002120555470958278,0.002149487644835484,0.00031493469015604576
breast_cancer,RC-Logit,100,5,3,0.9843028624192058,0.040446955168543124,0.8179887017415559,8.43769498715119e-15,0.007752728628632566,0.005195426940667452,0.0010571107933509396
breast_cancer,RF-NoCal,100,5,3,0.9878424130501692,0.0384915471068718,0.826788038019077,0.525029974604422,0.0578453393756345,0.004470939721108922,9.642029850031034e-05
breast_cancer,CF-Iso,100,7,3,0.9748384118190212,0.03609470302492752,0.8375738363878262,0.08259837604583398,0.7986741971959166,0.0013914621740792315,0.0002482539157837364
breast_cancer,CF-Logit,100,7,3,0.9837642351492767,0.0392995961034581,0.8231518175344386,0.042500557585665955,0.41075019451772976,0.003651707610256913,0.0004026007516772946
breast_cancer,RC-Iso,100,7,3,0.9476762080640198,0.05551164001700493,0.7501976199234778,0.0,0.0,0.0064159208534001295,0.0016786015038804474
breast_cancer,RC-Logit,100,7,3,0.9816866728224068,0.0555195812306525,0.7501618844620638,2.5485230614741283e-07,2.979180043421178e-06,0.011719435335335152,0.001359373219906341
breast_cancer,RF-NoCal,100,7,3,0.9842259156663589,0.03957544966129592,0.8219104765241684,0.4967408048191687,0.07677097150945249,0.004112248912382218,8.240937785058143e-05
breast_cancer,CF-Iso,200,3,3,0.9699138196368113,0.04712382882594304,0.7879427702832563,0.07201784129540545,0.8362827816824432,0.0042030688013882855,0.0002557717402152086
breast_cancer,CF-Logit,200,3,3,0.9856879039704524,0.03795113048759233,0.8292199128058345,3.0060292888212103e-06,0.09828524661179301,0.0029100160255943358,0.0005094792963695068
breast_cancer,RC-Iso,200,3,3,0.9699907663896584,0.046274487045777066,0.7917648082940032,0.0,0.021653855512738924,0.002151845168629833,0.0003806393046098035
breast_cancer,RC-Logit,200,3,3,0.9866112650046168,0.03025601185403037,0.8638479466568634,0.012258645093850773,0.17851196935424252,0.0005116630177351611,9.47837381622358e-05
breast_cancer,RF-NoCal,200,3,3,0.9839950754078177,0.04523964336247077,0.7964216048688816,0.3088659227569446,0.061519316491827875,0.006328633843421111,0.0001125719465081599
breast_cancer,CF-Iso,200,5,3,0.9756848261003386,0.041179553509300124,0.8146920092081494,0.6632100401636049,0.5946410485942332,0.0006256407197204573,2.5582258699766785e-05
breast_cancer,CF-Logit,200,5,3,0.9841489689135118,0.038362519094606896,0.827368664074269,0.17935712692826966,0.5721004256581772,0.004763509360715527,0.0010788025920950351
breast_cancer,RC-Iso,200,5,3,0.9724530624807634,0.053499859261428175,0.7592506333235732,0.0,2.437818048793937e-08,0.007033038038085688,0.00030589439683322066
breast_cancer,RC-Logit,200,5,3,0.9776084949215142,0.050806646717953624,0.7713700897692087,0.3359256491592888,0.9301691907828483,0.005297401006006236,0.00019196563598914657
breast_cancer,RF-NoCal,200,5,3,0.9858417974761465,0.04069085773537746,0.8168911401908014,0.48167247251923717,0.08386152751052553,0.004980640902579097,0.0001360067364901379
breast_cancer,CF-Iso,200,7,3,0.9843798091720529,0.034075689314808,0.846659398083364,0.5859349720248852,0.7053811229479244,0.001542009290701247,9.066763617504167e-05
breast_cancer,CF-Logit,200,7,3,0.9860726377346876,0.034140699148605506,0.8463668538312752,0.45716811356394205,0.7758399532391956,0.001494053764790371,0.00020955028032222704
breast_cancer,RC-Iso,200,7,3,0.9702985534010464,0.04139456755362811,0.8137244460086736,0.5645869389077708,0.872587612928028,0.0016972671399581429,1.344486641151129e-05
breast_cancer,RC-Logit,200,7,3,0.9863034779932287,0.03780298406314212,0.8298865717158604,0.0,0.40060492032378936,0.010244189121658934,0.0029031446238753137
breast_cancer,RF-NoCal,200,7,3,0.9850723299476762,0.040727643556925104,0.8167256039938371,0.5085445613640427,0.08295448122152185,0.0045755634890422125,0.0001414023431394229
breast_cancer,CF-Iso,30,3,4,0.9826131991713525,0.04052428826841156,0.8246565976240571,0.3561178650707201,0.13978962163288025,0.0031970558654262613,0.0008618755569869142
breast_cancer,CF-Logit,30,3,4,0.9843148860609647,0.04317930596777911,0.8131686762646007,0.1499780712830009,0.1084839667158803,0.008965354673888494,0.0006271745700577919
breast_cancer,RC-Iso,30,3,4,0.9845368452204794,0.03828121021788684,0.8343621089107385,0.0,0.002243516560521037,0.0013988244816325606,0.00010357958492027303
breast_cancer,RC-Logit,30,3,4,0.9833530630364014,0.03459629512573408,0.850306264313171,0.12184350379428599,0.9141058825583445,0.002420532301327484,7.616468174091563e-06
breast_cancer,RF-NoCal,30,3,4,0.9900858242083457,0.037604279324895226,0.8372911021397956,0.7521781028331733,0.16827226598216216,0.003902161345629985,0.00023649771654137542
breast_cancer,CF-Iso,30,5,4,0.9859425865640723,0.03206411271715319,0.8612626931100509,0.875020407501448,0.49356017771356997,0.0019696783071034034,0.0004662318582432777
breast_cancer,CF-Logit,30,5,4,0.9874223142941698,0.03651628900208524,0.8419986968467039,0.0,0.16812618448051597,0.007365622403927867,0.0014687705269104548
breast_cancer,RC-Iso,30,5,4,0.9765463154779522,0.02769319994200377,0.8801750725800337,0.0,0.038791811905637553,0.0013938889083064342,0.000162796435775535
breast_cancer,RC-Logit,30,5,4,0.9892719739567919,0.028908952719488287,0.8749146661037945,0.07632155507351346,0.4596931168494284,0.001241245877596062,3.6729146257787735e-05
breast_cancer,RF-NoCal,30,5,4,0.9807635395087304,0.033548685464903534,0.8548391370702509,1.9246962259522604e-06,0.24720859393072048,0.0032494024086391327,0.0002785601980544448
breast_cancer,CF-Iso,30,7,4,0.982909144717372,0.03953976417625117,0.8289165072095649,0.5669915332989984,0.7218797869257966,0.0017229963117614626,0.00041981481121242044
breast_cancer,CF-Logit,30,7,4,0.9889020420242676,0.041395650213738526,0.8208863261467996,0.0437155903696127,0.28226661837749845,0.01241148277347785,0.0020946928103060597
breast_cancer,RC-Iso,30,7,4,0.9795797573246523,0.043036861938176206,0.8137850133272846,0.0,3.269659275246193e-05,0.001772176556720674,0.0002708535189946566
breast_cancer,RC-Logit,30,7,4,0.9826131991713525,0.03413735228755844,0.8522920511629926,0.2837245400752165,0.9259567553946627,0.005247811722151771,0.0001749369353366668
breast_cancer,RF-NoCal,30,7,4,0.9846848179934891,0.03248513284239406,0.8594409929795139,0.0,0.19809842640250586,0.0038209048870092633,0.00034861427236659333
breast_cancer,CF-Iso,100,3,4,0.9840929269014501,0.03740497272608034,0.8381534762528389,0.43041159256875905,0.4390811908451763,0.003175577508350483,6.55760001138775e-05
breast_cancer,CF-Logit,100,3,4,0.989789878662326,0.03602482504237817,0.8441251984219917,0.6407940885940001,0.2398827982825097,0.0034898116348405714,0.0002869699439571576
breast_cancer,RC-Iso,100,3,4,0.9815034033737792,0.03362631829860814,0.8545032297470256,0.0,0.8635052325450252,0.002755194948897396,0.00031491272746353346
breast_cancer,RC-Logit,100,3,4,0.988014205386209,0.03295642481277362,0.8574017730171185,0.3428947463611134,0.8891251651084444,0.001400097665252923,3.9494730046219e-06
breast_cancer,RF-NoCal,100,3,4,0.9900858242083458,0.037098557682431914,0.8394792948813271,0.7469448895454862,0.09207475574194517,0.0032887655831800996,0.0002290467031387557
breast_cancer,CF-Iso,100,5,4,0.9849807635395087,0.030514702810810913,0.8679667912265578,0.8643193816810086,0.5205429410401758,0.0011535847705030889,0.00016748309210827805
breast_cancer,CF-Logit,100,5,4,0.9890500147972773,0.03718288023241484,0.8391144420130153,1.169621066665627e-10,2.283834656189322e-05,0.003274359808563459,4.926901995376535e-05
breast_cancer,RC-Iso,100,5,4,0.9647084936371708,0.03940625047248975,0.8294942038967043,0.0,0.01117121671789359,0.0008170712190447583,2.6462963125063076e-05
breast_cancer,RC-Logit,100,5,4,0.9853506954720331,0.03903839805968717,0.8310858541486664,0.12837546797481425,0.08096277428307586,0.005551169125019307,0.0007914462493196045
breast_cancer,RF-NoCal,100,5,4,0.9927493341225214,0.02962275006869568,0.8718261564429224,0.7602559804240943,0.10057806662047265,0.0027934093437267105,0.0001423675768921691
breast_cancer,CF-Iso,100,7,4,0.9861645457235868,0.0276349065987224,0.8804273004064455,0.4614773582711127,0.7029582937070218,0.0023888705897130093,0.00029183194965936535
breast_cancer,CF-Logit,100,7,4,0.9866824504291211,0.043032777295465466,0.8138026870528698,0.002392930171672303,0.2556827178751282,0.01581554741357239,0.002719210080436114
breast_cancer,RC-Iso,100,7,4,0.9803936075762061,0.029591516768856553,0.8719612989289531,0.0,6.971342803460548e-07,0.0010331201094440309,5.834572985409735e-05
breast_cancer,RC-Logit,100,7,4,0.9893459603432968,0.03212604803208811,0.8609947069389925,0.6527540292585149,0.9742311375334509,0.0025454089508285325,0.0004219235520055782
breast_cancer,RF-NoCal,100,7,4,0.9857206274045575,0.032908216608121946,0.8576103637410337,0.31301542411327565,0.10862964779440308,0.003153604346400593,0.00027334835069000186
breast_cancer,CF-Iso,200,3,4,0.9858686001775674,0.037467001807955445,0.837885084364246,0.0,0.4709218283315185,0.001483897560195107,0.0001289673849021677
breast_cancer,CF-Logit,200,3,4,0.9878662326131992,0.03768273663247886,0.8369516274237475,0.32831752283898186,0.0790768959685665,0.003952867491901381,0.00026134759740353885
breast_cancer,RC-Iso,200,3,4,0.9775821248890205,0.04480959871869041,0.8061146084443287,0.0,0.5776285857821981,0.005140829904219418,0.0006922304676418013
breast_cancer,RC-Logit,200,3,4,0.9866824504291211,0.03541028445246406,0.8467842368046017,0.00010881936585083185,0.015278194730090643,0.004238763527769252,0.00015319829962498593
breast_cancer,RF-NoCal,200,3,4,0.9869783959751406,0.03620547129545413,0.8433435652337417,0.6202323785683348,0.05758949831022672,0.0034298780862006295,0.0002706613816656612
breast_cancer,CF-Iso,200,5,4,0.9860165729505771,0.03096315038883875,0.8660264160224869,0.870934286761612,0.9459511777751836,0.0013897835137066615,0.00026329649036809237
breast_cancer,CF-Logit,200,5,4,0.9883101509322285,0.035228047377842596,0.8475727532738243,0.12305850215801495,0.185277975225685,0.008783656440194078,0.0009292401143675201
breast_cancer,RC-Iso,200,5,4,0.9866824504291211,0.027698130146647564,0.8801537402163182,0.8047479428528772,0.5755681491237239,0.0016956181414988802,0.00020348302303441359
breast_cancer,RC-Logit,200,5,4,0.986090559337082,0.034556947019939964,0.8504765185247019,0.0,8.424121200568342e-06,0.0012635428593004675,7.0858816991333425e-06
breast_cancer,RF-NoCal,200,5,4,0.9900858242083457,0.030905810487456966,0.8662745184279773,0.5159993380523203,0.06020063417404678,0.003944877021920341,0.0002598509053321856
breast_cancer,CF-Iso,200,7,4,0.9843888724474696,0.034131222581258946,0.8523185736166627,0.0,0.36830641160034916,0.0017542258722310796,0.0002611492797883074
breast_cancer,CF-Logit,200,7,4,0.9903817697543652,0.028749848417071948,0.8756030900320212,0.0,0.00024206149059503238,0.002105941271114561,7.34426457278586e-05
breast_cancer,RC-Iso,200,7,4,0.9826871855578574,0.027256102963774956,0.8820663351932904,0.26820746753840363,0.10894973020536765,0.0012092604904795094,0.0001471817575034806
breast_cancer,RC-Logit,200,7,4,0.987940218999704,0.026750652749419592,0.8842533535001807,0.7340921103968561,0.4795842527265225,0.001204644837230737,0.00016051893718750342
breast_cancer,RF-NoCal,200,7,4,0.9912696063924238,0.03115930941253752,0.8651776610636268,0.8730595801467432,0.07825698003115704,0.0024119415675526367,0.0002075034351005777
breast_cancer,CF-Iso,30,3,5,0.9953416149068324,0.024549727362282073,0.8885312767390543,0.9823231084255329,0.18305917286891837,0.0007268258299094391,5.655591438367201e-06
breast_cancer,CF-Logit,30,3,5,0.9937888198757764,0.027151337505990216,0.876718593165736,0.9795885337939523,0.8949554186221289,0.0002642137147141782,9.47360642276948e-05
breast_cancer,RC-Iso,30,3,5,0.9878881987577641,0.03590383294185836,0.8369776430042111,0.0,0.22404622939493268,0.002505570204396437,0.00040267125438870005
breast_cancer,RC-Logit,30,3,5,0.9895962732919255,0.039011318035842374,0.8228680200798033,0.8223457204642389,0.1322599311768213,0.0017261639731516172,3.174238069749261e-05
breast_cancer,RF-NoCal,30,3,5,0.995031055900621,0.03162588362594043,0.8564017914431484,0.356068610552548,0.005551482493208232,0.006386999124571163,5.786618429028862e-05
breast_cancer,CF-Iso,30,5,5,0.9959627329192546,0.027006206432506084,0.8773775648613493,0.8897414729496198,0.08848667562784757,0.0009687058371471161,3.221921598808934e-06
breast_cancer,CF-Logit,30,5,5,0.9972049689440994,0.02451979772124857,0.8886671731107096,0.009699132559467194,0.37787839121716815,0.003820010564082387,0.0015647058457576215
breast_cancer,RC-Iso,30,5,5,0.9854813664596274,0.03027458668033906,0.8625373929938207,0.0,0.19870385294185,0.002806723585663807,0.00012797912121002275
breast_cancer,RC-Logit,30,5,5,0.9972049689440994,0.023363443156196765,0.8939176333337966,0.9758319707349379,0.14220159284641154,0.00019795259746348417,3.492433915218051e-05
breast_cancer,RF-NoCal,30,5,5,0.9967391304347827,0.025922890547365674,0.8822963909168448,0.7868263457480065,0.026684280907391333,0.002662457637451819,2.98504092567434e-06
breast_cancer,CF-Iso,30,7,5,0.9975931677018633,0.021481658191522937,0.9024619305623723,0.8432374808519338,0.026483865744961185,0.0015859156992862565,0.00023369212080390822
breast_cancer,CF-Logit,30,7,5,0.996583850931677,0.029456194206411303,0.8662533268960135,0.005172664875069399,0.5954262108334774,0.005231481032002165,0.0013571709176901012
breast_cancer,RC-Iso,30,7,5,0.9850931677018634,0.023335806301826734,0.8940431192435224,0.0,0.5503528773939215,0.0009448121477152894,0.0002820493787514495
breast_cancer,RC-Logit,30,7,5,0.9970496894409937,0.020338422132212895,0.9076528258434725,0.9838045992628777,0.6153768775096575,0.00036761698903112975,2.025890229191959e-05
breast_cancer,RF-NoCal,30,7,5,0.9972049689440994,0.02589410460976302,0.8824270942711055,0.8844500384378725,0.012037966492650196,0.0019787793286030696,0.0002109140723520107
breast_cancer,CF-Iso,100,3,5,0.9951086956521739,0.028490099858930217,0.8706399052833884,0.9767443505400291,0.4375231028336718,0.0004833122363552645,0.00010053900410318286
breast_cancer,CF-Logit,100,3,5,0.9936335403726708,0.030255295040467475,0.8626249872238649,0.9561305134514977,0.49742942009160385,0.0007027361731764532,0.00012841860278401865
breast_cancer,RC-Iso,100,3,5,0.9899068322981366,0.032233160945695914,0.8536444317992089,0.0,0.13387749673170166,0.0041491994867386825,0.0008132128284937802
breast_cancer,RC-Logit,100,3,5,0.9951863354037267,0.025565860195782882,0.8839174972073156,0.9622119082333678,0.9065283901995201,0.0009309036431447194,6.42385274614722e-05
breast_cancer,RF-NoCal,100,3,5,0.9951863354037268,0.02994995260056477,0.8640114031066592,0.5904359827879275,0.011294334434865666,0.004426307404951674,1.6694142738339455e-05
breast_cancer,CF-Iso,100,5,5,0.9979037267080746,0.020204412131524074,0.9082613019972212,0.8345008409368613,0.096633201238996,0.0019188402190357349,3.238477176948923e-05
breast_cancer,CF-Logit,100,5,5,0.9978260869565218,0.02814887990949719,0.8721892240009926,0.002549660403014964,0.12197042494031404,0.00930095050139267,0.003932500157976736
breast_cancer,RC-Iso,100,5,5,0.9940993788819876,0.018685186436353588,0.9151593887289727,0.9406545985678619,0.7002361560837647,0.0005764070957421249,8.034587291995326e-05
breast_cancer,RC-Logit,100,5,5,0.9981366459627329,0.018576732707992503,0.9156518259139117,0.9618281214573063,0.8370935556091175,0.001329557604237756,2.6373021623676956e-05
breast_cancer,RF-NoCal,100,5,5,0.9976708074534161,0.022947613355094175,0.895805720168275,0.8268901922642653,0.017605807531947137,0.0022116783519643794,5.226739699893128e-05
breast_cancer,CF-Iso,100,7,5,0.9976708074534162,0.01829344023347298,0.9169381233125802,0.9098660534960856,0.1176651051970679,0.000773880629895247,0.000206234626102113
breast_cancer,CF-Logit,100,7,5,0.9979813664596273,0.022204136031131517,0.8991814997381495,0.008029404946305219,0.34895768182177733,0.005453051379085472,0.0019032657304306059
breast_cancer,RC-Iso,100,7,5,0.9909937888198759,0.02608713396592186,0.8815506390842358,0.0,0.4501926899534575,0.0004947242513563158,8.754830546150869e-05
breast_cancer,RC-Logit,100,7,5,0.9986024844720497,0.015006390208900362,0.9318630658232212,0.9952827726691549,0.2813799586036291,0.0001569431857118259,1.911554479583564e-05
breast_cancer,RF-NoCal,100,7,5,0.9978260869565216,0.022515040750619556,0.8977698281694306,0.8005628144393803,0.011909946904300448,0.0026338224491575047,3.125158271666309e-05
breast_cancer,CF-Iso,200,3,5,0.9950310559006211,0.028649624126479385,0.8699155808878286,0.9649235453871896,0.5297275721750347,0.0010265406833419703,8.60730896612649e-06
breast_cancer,CF-Logit,200,3,5,0.99472049689441,0.025929947736361255,0.8822643475529597,0.9568571187443613,0.7167861528874595,0.0009283408441189579,0.00023486944130835302
breast_cancer,RC-Iso,200,3,5,0.9942546583850931,0.028479343117427034,0.8706887465688379,0.9848310281268542,0.20578579790553486,0.0005564055176502538,2.824814540649481e-05
breast_cancer,RC-Logit,200,3,5,0.9950310559006211,0.028666227174177498,0.869840194285695,0.7078014223082818,0.4090807466146532,0.003080765955889402,0.0004868232581784174
breast_cancer,RF-NoCal,200,3,5,0.9951863354037267,0.030112251612384962,0.8632744799071819,0.4686493370125725,0.009232924452472903,0.004720822173110332,3.414634140661525e-05
breast_cancer,CF-Iso,200,5,5,0.9936335403726709,0.02059230911289681,0.9065000449114572,0.0,0.21833412277041653,0.0008022140872400798,0.0005069135138086196
breast_cancer,CF-Logit,200,5,5,0.9976708074534162,0.03144235247096146,0.8572351197820832,0.011707602465174105,0.12955898444586347,0.012172997801937962,0.004903683164383278
breast_cancer,RC-Iso,200,5,5,0.9885093167701864,0.023696301669708857,0.8924062799496961,0.0,0.32754773941166127,0.0005078116412116473,6.33627042780895e-06
breast_cancer,RC-Logit,200,5,5,0.9972049689440995,0.023233136678503127,0.8945092935378711,0.8977818441419517,0.5306486874590417,0.0008776567206029441,7.122567529992534e-05
breast_cancer,RF-NoCal,200,5,5,0.9978260869565218,0.023009535204589433,0.8955245622799068,0.7672439687699526,0.010617967880902272,0.0026697180151257003,3.359662907551265e-05
breast_cancer,CF-Iso,200,7,5,0.9979813664596273,0.017211465504847236,0.921850859809435,0.8747796202453175,0.14959051622556183,0.0006530158219754204,0.0003067074645027105
breast_cancer,CF-Logit,200,7,5,0.9976708074534162,0.020248415403935446,0.9080615039089323,0.21223602971895938,0.1217552090771329,0.0006304977696434108,1.7329120854898707e-07
breast_cancer,RC-Iso,200,7,5,0.9958074534161491,0.015507653501977166,0.9295870658305413,0.980239479723786,0.12354993161745056,0.00175903798180875,0.00036794042215479656
breast_cancer,RC-Logit,200,7,5,0.9959627329192546,0.022686857263251935,0.8969896904914985,0.9918039562592852,0.6594421904686347,0.00014978853091150924,7.22689354109373e-05
breast_cancer,RF-NoCal,200,7,5,0.9976708074534161,0.02317673858931428,0.8947653706381772,0.7862676112361704,0.012100625635491125,0.0028582818161711565,8.252478864858098e-05
breast_cancer,CF-Iso,30,3,6,0.9900877723970944,0.035083946143769196,0.844750352725491,0.9916603129961894,0.5754434404539066,0.00020227053643390898,3.305974949527717e-05
breast_cancer,CF-Logit,30,3,6,0.9922820823244553,0.03148978407840722,0.8606548462111523,0.6914545558089447,0.4053797217665184,0.001376504986682806,0.00015874190332080445
breast_cancer,RC-Iso,30,3,6,0.9763922518159807,0.03911306803595556,0.8269211225122008,0.0,7.00847379622777e-23,0.0010162609800211978,0.00030125278643618246
breast_cancer,RC-Logit,30,3,6,0.9825968523002422,0.03606614168378746,0.8404040482785065,0.6807479715712081,0.16961499589325169,0.00105390412151056,0.00030281635692523245
breast_cancer,RF-NoCal,30,3,6,0.9886501210653754,0.03701641287934291,0.8361990119544694,0.7927348134764782,0.08382322030736727,0.0018893152668573439,1.740108742961721e-05
breast_cancer,CF-Iso,30,5,6,0.9845641646489104,0.034183039364415635,0.8487369470255937,0.7373190849468778,0.9521234859418244,0.0014395230165272278,5.597123428830831e-07
breast_cancer,CF-Logit,30,5,6,0.9937953995157385,0.03293954965120928,0.8542395019141933,0.00047129930146061483,0.08779273968674889,0.0044375199089805835,0.0006742528411281322
breast_cancer,RC-Iso,30,5,6,0.9789648910411624,0.03655646807047829,0.8382343094962386,0.0,0.005586540136364212,0.0015504883845819115,3.357346496745386e-05
breast_cancer,RC-Logit,30,5,6,0.9877421307506054,0.03841131845997422,0.8300264281041002,0.0,6.289784923044696e-06,0.001636167677677803,0.00011471439858796464
breast_cancer,RF-NoCal,30,5,6,0.9913740920096853,0.03454033069318316,0.8471559004540907,0.9691887372953678,0.14403780085037574,0.0012853317014822918,4.844333340409143e-05
breast_cancer,CF-Iso,30,7,6,0.988952784503632,0.03127140342966109,0.8616212004106054,0.0,0.7693407541281182,0.0011174390286881398,2.0006772264532333e-05
breast_cancer,CF-Logit,30,7,6,0.9897094430992736,0.03655542630233132,0.8382389194148805,1.543098981926505e-12,0.7418389890119882,0.005526434768081227,0.0016549890051652874
breast_cancer,RC-Iso,30,7,6,0.9757112590799032,0.03123483085994789,0.8617830373523402,0.0,0.2797628996741499,0.0011181298057599902,1.5326709170859652e-05
breast_cancer,RC-Logit,30,7,6,0.991222760290557,0.0334404583836712,0.8520229352910216,0.7150214968168637,0.6929137714423429,0.001662087227457232,1.2124081749029943e-06
breast_cancer,RF-NoCal,30,7,6,0.9800242130750605,0.03658837037267511,0.8380931389123195,0.0,0.27747727950113077,0.0019800114471657786,0.0001477965293068618
breast_cancer,CF-Iso,100,3,6,0.9817645278450363,0.03921202272923805,0.8264832390094355,0.5384733182906972,0.5166367864544175,0.0011587589679458682,8.364069109452404e-07
breast_cancer,CF-Logit,100,3,6,0.9878934624697338,0.03155525595248381,0.8603651272235806,0.13241890495556907,0.6209022011605521,0.0012964878436583726,0.00010578514560282676
breast_cancer,RC-Iso,100,3,6,0.9856234866828086,0.03657115975829416,0.8381692974436623,0.0,0.02405691553848212,0.002322380486599271,0.00024086757928103796
breast_cancer,RC-Logit,100,3,6,0.988498789346247,0.040056875279950624,0.8227446897607391,0.19591261615640687,0.302090989125251,0.005295216787425132,5.974642050641785e-06
breast_cancer,RF-NoCal,100,3,6,0.9904661016949152,0.03710688117380331,0.8357986815370486,0.8042598048062605,0.05373697955127408,0.00230136547631282,6.152673993070517e-05
breast_cancer,CF-Iso,100,5,6,0.9849424939467313,0.03344646633771583,0.8519963495488576,0.8240306207783379,0.8409538212902887,0.0008276579250695801,2.621762833117234e-08
breast_cancer,CF-Logit,100,5,6,0.9913740920096853,0.03170112830002997,0.859719628840621,2.1202640088091584e-08,0.31697502664167176,0.002702209466237938,0.0006195210638238993
breast_cancer,RC-Iso,100,5,6,0.9785108958837773,0.03423489278752436,0.8485074909200969,0.0,0.0002236128509511939,0.001319204152249134,2.1374098013065064e-06
breast_cancer,RC-Logit,100,5,6,0.9910714285714285,0.030148807218619,0.8665887905751153,0.06036486541127095,0.6804194031204408,0.001399561821416821,2.158107062671796e-05
breast_cancer,RF-NoCal,100,5,6,0.9909200968523002,0.03426618047386326,0.8483690400671556,0.9855196330945128,0.14094517912623047,0.0007501892587860628,3.3084319526731805e-05
breast_cancer,CF-Iso,100,7,6,0.9856991525423728,0.033257687543684446,0.8528317128533782,0.9185517967078056,0.8626614105223994,0.0012890200450913294,2.403489054227027e-06
breast_cancer,CF-Logit,100,7,6,0.9927360774818402,0.033072444810088385,0.8536514287694016,7.616129948928574e-14,0.36058640301869493,0.00366796198662986,0.0009268619852661012
breast_cancer,RC-Iso,100,7,6,0.9755599273607748,0.03242471600459962,0.8565176875468375,0.0,0.010523175934356708,0.0022807987949168395,0.0003190940902729453
breast_cancer,RC-Logit,100,7,6,0.988498789346247,0.0330810924295536,0.8536131622680725,0.5097779486467272,0.9325362669523355,0.0018190172610375154,6.732706458312371e-06
breast_cancer,RF-NoCal,100,7,6,0.9924334140435835,0.03161419699396101,0.8601043077632546,0.9895350457213862,0.11449848939539777,0.0006188224905073439,1.6985111186468402e-05
breast_cancer,CF-Iso,200,3,6,0.991298426150121,0.03249978855002595,0.8561854847168117,0.9253988372772167,0.783844938303653,0.0014606766118974766,4.387500232215051e-06
breast_cancer,CF-Logit,200,3,6,0.9888014527845037,0.03239601004970539,0.8566447140037174,0.003497662227418874,0.05284670633502052,0.0032837425216746922,6.676623174675207e-05
breast_cancer,RC-Iso,200,3,6,0.9791162227602906,0.03494423857668483,0.8453685713951512,0.0,0.010291038355668684,0.0019569939784202144,0.000343345820414296
breast_cancer,RC-Logit,200,3,6,0.9903147699757869,0.03219929604740219,0.85751519132535,0.8600287697495907,0.49720309240248817,0.0019302881341579515,9.417793376399565e-05
breast_cancer,RF-NoCal,200,3,6,0.9897094430992736,0.038975282691653325,0.827530835171514,0.7506401112009632,0.056312599351590824,0.0027437630079058797,5.332647287795187e-05
breast_cancer,CF-Iso,200,5,6,0.9834291767554479,0.03600205011613833,0.8406876592848062,0.43620426046354155,0.6391428446779992,0.0012745520108670895,2.3982730455480087e-05
breast_cancer,CF-Logit,200,5,6,0.9924334140435835,0.03035440567586681,0.865678998733653,1.1975237010908302e-05,0.9522406509641741,0.0021371359646339748,0.0007275739423375866
breast_cancer,RC-Iso,200,5,6,0.9805538740920097,0.0367693785422668,0.8372921613265097,0.0,0.11413382817625209,0.002940503388321229,0.000525089077053938
breast_cancer,RC-Logit,200,5,6,0.9915254237288137,0.031978193210902554,0.8584935914527843,0.8945203534094369,0.6919761765140664,0.0008683169444154825,0.00014622638897019338
breast_cancer,RF-NoCal,200,5,6,0.9901634382566585,0.03425758114312855,0.8484070928864677,0.8587563262804558,0.1390701607074225,0.0017351521153101163,6.005698575841921e-05
breast_cancer,CF-Iso,200,7,6,0.9916010895883778,0.03170007108255825,0.8597243071239278,0.741250443911406,0.8330387519190223,0.0013576692141867841,4.775067652829008e-05
breast_cancer,CF-Logit,200,7,6,0.9913740920096853,0.03732177940008128,0.8348477373732178,6.661338147750939e-16,0.5389748897989965,0.005611487101288793,0.001651321377286171
breast_cancer,RC-Iso,200,7,6,0.9780569007263923,0.0411689237049165,0.8178237745073451,0.0,5.224936814002095e-16,0.000836863599495725,2.737485052074895e-07
breast_cancer,RC-Logit,200,7,6,0.9912227602905569,0.03662182850710137,0.837945083629517,0.18108838789306148,0.002012152180782093,0.0010193301241419607,5.7618732595947464e-05
breast_cancer,RF-NoCal,200,7,6,0.9925847457627118,0.03249815814776948,0.8561926993948354,0.9498785699390933,0.09733467773765532,0.0011639854555491164,7.853953054512677e-06
breast_cancer,CF-Iso,30,3,7,0.9659024103468548,0.04449471248827997,0.8087786760920349,0.0,0.07370563466215073,0.001197240848542789,2.767360506519208e-05
breast_cancer,CF-Logit,30,3,7,0.9765579071134627,0.05666804121749074,0.7564623466724505,0.0012219468915456444,3.8526869135931267e-07,0.009769368704288942,0.00015849043278688422
breast_cancer,RC-Iso,30,3,7,0.9725896531452087,0.05909959968203671,0.7460124346998185,0.0,0.038768982363523864,0.00557293317860688,0.00048114907644306054
breast_cancer,RC-Logit,30,3,7,0.9662698412698413,0.04339974721749032,0.8134844196962618,0.0,0.0004661357771078747,0.002785965023350534,0.0010965719230895726
breast_cancer,RF-NoCal,30,3,7,0.9696502057613168,0.04734552676582493,0.7965269623516333,0.03749576897257212,0.7803142001168506,0.004580290643615785,7.645919708325089e-05
breast_cancer,CF-Iso,30,5,7,0.965461493239271,0.045671469033485304,0.80372142474895,0.0,0.007155907072637074,0.0027890021111060745,1.2868245312435233e-05
breast_cancer,CF-Logit,30,5,7,0.9800117577895355,0.049183390461864415,0.7886285243246065,0.0,6.626102909569414e-05,0.007855622184104955,7.342306899444723e-05
breast_cancer,RC-Iso,30,5,7,0.9568636096413874,0.050271260706174804,0.7839532724413202,0.0,0.002896710112743557,0.004233659831371522,2.0368340162171775e-07
breast_cancer,RC-Logit,30,5,7,0.9723691945914168,0.04743970913562057,0.7961222024052497,0.46753937908451115,0.6698479452548358,0.0034463021854579494,2.239592680910041e-05
breast_cancer,RF-NoCal,30,5,7,0.9801587301587302,0.0409980364442848,0.8238060576620617,0.029755953974062832,0.8808540199835646,0.002244890311198911,8.548952521316526e-05
breast_cancer,CF-Iso,30,7,7,0.957524985302763,0.04618396043818729,0.8015189319263618,0.0,0.10178521066473249,0.002257816687700155,9.03885387854594e-05
breast_cancer,CF-Logit,30,7,7,0.9772192827748384,0.046616845782861814,0.7996585556236534,0.00676308355864097,0.023044499616615352,0.007929216844501107,0.0004305626354560247
breast_cancer,RC-Iso,30,7,7,0.9652410346854791,0.04941190688887895,0.787646447775175,0.0,1.3518711193074888e-13,0.0043799808386363525,2.3605782545874822e-05
breast_cancer,RC-Logit,30,7,7,0.9781011169900058,0.03715169488210658,0.8403361684233277,0.12026083611647065,0.1859037758074964,0.00116742874953771,1.860970089123334e-05
breast_cancer,RF-NoCal,30,7,7,0.9637713109935332,0.045407732293697205,0.8048548647854203,0.0,0.7547429012008366,0.0027156328762441805,6.439567139155709e-05
breast_cancer,CF-Iso,100,3,7,0.9764109347442681,0.04305223837297128,0.814977880325683,0.0,0.10457649861989492,0.0020473443465879194,5.1287803631644395e-06
breast_cancer,CF-Logit,100,3,7,0.9767783656672545,0.04884500767224375,0.7900827646466667,1.1102230246251565e-16,4.7627603820237587e-08,0.003027381571239341,0.00011837013809376408
breast_cancer,RC-Iso,100,3,7,0.9639182833627279,0.04813312756229224,0.7931421541668155,0.0,2.5689863583723736e-08,0.0024130262579166463,0.00026996110309977154
breast_cancer,RC-Logit,100,3,7,0.9747207524985304,0.07053056660315958,0.6968864935268975,0.0,4.9380018720865464e-06,0.020980339659328984,0.0018381171853542233
breast_cancer,RF-NoCal,100,3,7,0.9781011169900059,0.04699052640746588,0.7980526186536288,0.8818108120649889,0.4326240074535207,0.0011958044913787417,0.00015336042829465496
breast_cancer,CF-Iso,100,5,7,0.9761904761904763,0.04375414112487673,0.8119613696895178,0.0,0.06156907136501928,0.002251247254149467,6.90544120473231e-05
breast_cancer,CF-Logit,100,5,7,0.9802322163433275,0.04725968624074816,0.7968958722272609,0.0,7.736744760713223e-18,0.0033629164192244577,0.00013038253443954843
breast_cancer,RC-Iso,100,5,7,0.9647266313932981,0.04363094701268498,0.8124908110526277,0.0,3.4866884479489855e-15,0.002698944406182677,0.0012104482172465504
breast_cancer,RC-Logit,100,5,7,0.9753086419753086,0.043414365804943164,0.8134215945763752,0.027463759608838956,0.34832442885076587,0.0037657278070061424,0.0002643475863716607
breast_cancer,RF-NoCal,100,5,7,0.9769253380364492,0.04296840800038413,0.8153381513316825,2.756350703236876e-12,0.6018166917698955,0.0024866653884048078,8.345415190300397e-05
breast_cancer,CF-Iso,100,7,7,0.9625955320399766,0.04156437738043678,0.8213721400674086,9.573290092879105e-07,0.013143873327228243,0.0024778481297292095,0.00011513445318555889
breast_cancer,CF-Logit,100,7,7,0.9673721340388007,0.050377598524597375,0.7834962730073851,3.247053560251345e-06,3.766288878324169e-05,0.007742553988438454,8.163413936467194e-05
breast_cancer,RC-Iso,100,7,7,0.9761904761904762,0.0471470915940194,0.7973797611257023,0.0,0.05021884676202175,0.003222657256683021,6.7731144870563964e-06
breast_cancer,RC-Logit,100,7,7,0.9795708406819518,0.04486019907782837,0.8072079539631424,3.6497876976238075e-07,0.0031713642889551227,0.00312015420167514,9.945329696844083e-05
breast_cancer,RF-NoCal,100,7,7,0.9689888300999412,0.04439733313076382,0.8091971754737413,0.0,0.986906974975185,0.0033269109586554152,3.87879836502179e-05
breast_cancer,CF-Iso,200,3,7,0.9756025867136979,0.04689168082366459,0.7984774193173463,0.0,0.21020374756653737,0.002400015359353751,8.132995233356195e-05
breast_cancer,CF-Logit,200,3,7,0.9764844209288653,0.04585720689872403,0.802923194161436,2.220446049250313e-16,3.0998277713181193e-06,0.0026609522762021513,0.0001728876172383331
breast_cancer,RC-Iso,200,3,7,0.9732510288065843,0.04568719426414604,0.8036538436981343,0.0,0.00021842895739241844,0.0028001066452487595,0.0009520370517846279
breast_cancer,RC-Logit,200,3,7,0.9788359788359788,0.04583775622365681,0.8030067857530939,0.2664391545741249,0.2916967887488294,0.005666663121585241,1.6171483663594142e-05
breast_cancer,RF-NoCal,200,3,7,0.9782480893592004,0.04566839913120413,0.803734618019468,0.07439975067068816,0.3601522125364862,0.003905490224983267,0.00010077906563143015
breast_cancer,CF-Iso,200,5,7,0.9731040564373897,0.03971173564313799,0.8293340884860378,0.0,0.03015738901642219,0.0012642635903452634,0.000240947561950632
breast_cancer,CF-Logit,200,5,7,0.9775132275132276,0.048269560709478125,0.7925558164747428,0.0,7.750559282733754e-17,0.0032821545902453294,0.00012287088808023074
breast_cancer,RC-Iso,200,5,7,0.9646531452087007,0.04834893119142179,0.792214712379723,0.0,0.004288156139843853,0.003926144886258488,0.0005938829116709417
breast_cancer,RC-Logit,200,5,7,0.9750146972369196,0.0435682433942436,0.812760287317596,0.0,5.223512706488479e-11,0.002847923307802199,0.0003810023814157292
breast_cancer,RF-NoCal,200,5,7,0.9767783656672546,0.04347302211418745,0.8131695121045039,6.420027952691587e-05,0.7741328776947994,0.0029453983248272013,4.4339896167894244e-05
breast_cancer,CF-Iso,200,7,7,0.9718547912992357,0.04176942882118996,0.820490907089886,0.0,0.04745142749527048,0.0012871936777044647,0.00025581595226604814
breast_cancer,CF-Logit,200,7,7,0.9813345091122868,0.04588983800982846,0.8027829580768087,0.0,1.4402181630905104e-21,0.0010160585823114413,0.0003400816725880282
breast_cancer,RC-Iso,200,7,7,0.9636978248089358,0.0431538278102664,0.8145412876249265,0.0,6.245751786539314e-08,0.0026600623221837774,0.00032942603802119867
breast_cancer,RC-Logit,200,7,7,0.9781011169900059,0.04786858881392554,0.7942790409306295,0.79319006992873,0.539901891199396,0.0012898224086445478,7.87809146771743e-05
breast_cancer,RF-NoCal,200,7,7,0.9734714873603763,0.04162095310003404,0.8211289991772347,0.0,0.7640888385270282,0.0026371275503892177,2.728382203070995e-05
breast_cancer,CF-Iso,30,3,8,0.972372929754426,0.046517137089406795,0.8057956017088315,0.0,0.0036505563740108792,0.0019474885857880837,0.00011063344086756158
breast_cancer,CF-Logit,30,3,8,0.9874357509994288,0.0367429863708556,0.8466017041019148,0.10621670268164196,0.06392765120773085,0.0037459536551526875,8.880697348754439e-05
breast_cancer,RC-Iso,30,3,8,0.9487435750999428,0.053219781088881916,0.7778127328926333,0.0,1.5267153455285943e-83,0.005699973908116006,0.0016110498606109445
breast_cancer,RC-Logit,30,3,8,0.9858652198743575,0.045301474649642404,0.8108708708980306,0.08294740887869334,0.7583065951745237,0.004990411957993357,0.0007307936482313443
breast_cancer,RF-NoCal,30,3,8,0.9888635065676756,0.03982925103142025,0.8337168575942662,0.773085553793168,0.15059639630997312,0.0014479328186210575,0.00017487926424502193
breast_cancer,CF-Iso,30,5,8,0.9782267275842377,0.038307062687024517,0.8400718418002164,0.7045153076467285,0.44840764989459203,0.0012514672103431956,3.7703767932305414e-05
breast_cancer,CF-Logit,30,5,8,0.9830097087378641,0.04652993324994887,0.8057421790174536,0.021638878431264663,0.0007351600907880931,0.005008840052419246,0.0001721543287779849
breast_cancer,RC-Iso,30,5,8,0.9754426042261566,0.04334636002017907,0.8190332790762341,0.7197750926798732,0.2517373284910023,0.0007767540380986715,2.6817292360255215e-05
breast_cancer,RC-Logit,30,5,8,0.9877213021130783,0.040189729342647945,0.8322118966721347,0.49988683976932413,0.7757635490809378,0.001472184880148731,0.0001188312436007651
breast_cancer,RF-NoCal,30,5,8,0.9905768132495717,0.03520164898604204,0.853036633637799,0.9515908782479463,0.5564849581821143,0.0020851108172328355,0.00014740534629485664
breast_cancer,CF-Iso,30,7,8,0.9724443175328383,0.04002473880459542,0.8329007156788728,0.0,0.19082170784292907,0.0011966363701574315,2.4249640433672583e-05
breast_cancer,CF-Logit,30,7,8,0.9830810965162764,0.038758299619654164,0.8381879727044107,0.44660806544837717,0.07795731255708335,0.002188356695614826,0.0002897172108316532
breast_cancer,RC-Iso,30,7,8,0.9771559109080525,0.04394821312540611,0.8165206025128497,0.0,4.7241685927070795e-07,0.002897443291041908,0.0010282461080142419
breast_cancer,RC-Logit,30,7,8,0.9880068532267277,0.04340786122626007,0.8187765176874542,0.8890150013479067,0.23420218929124192,0.0009368469851309189,1.4296349667702857e-05
breast_cancer,RF-NoCal,30,7,8,0.9847230154197602,0.037830901317892476,0.8420597679273996,0.3927507131331758,0.9574475036433905,0.0008545309368925665,0.0001352109142817311
breast_cancer,CF-Iso,100,3,8,0.9774414620217019,0.04561078593141291,0.8095795272101021,0.2296039961436247,0.06025014325166767,0.0028764270883510127,2.086918732221849e-05
breast_cancer,CF-Logit,100,3,8,0.9870074243289548,0.04275987473292769,0.8214817965354743,0.0025368304275137366,0.007358506575886326,0.003544245685434798,8.512693119972625e-05
breast_cancer,RC-Iso,100,3,8,0.9746573386636208,0.03893349849011147,0.8374565349301328,0.0,1.823012659377359e-05,0.0015182815797612748,2.396229016430625e-07
breast_cancer,RC-Logit,100,3,8,0.9874357509994289,0.041196911260777076,0.828007012824617,0.013621754799175378,0.18516733487577341,0.0013885684044348608,0.00016130847709238267
breast_cancer,RF-NoCal,100,3,8,0.9872929754426043,0.039525120545828754,0.8349865719759311,0.8296445646111548,0.29728925529738204,0.0010269682421421684,7.300528874874201e-05
breast_cancer,CF-Iso,100,5,8,0.9779411764705882,0.03706623065971151,0.8452521915019098,0.8324826183421694,0.48358283216081654,0.0006600840893481663,8.032019419333715e-05
breast_cancer,CF-Logit,100,5,8,0.9872929754426042,0.0403955236408158,0.8313527260449608,0.549623989677791,0.2706955737365083,0.0030266921184328877,0.00032003320451339656
breast_cancer,RC-Iso,100,5,8,0.9463877784123358,0.04919561269058924,0.7946132337684866,0.0,9.14496029941271e-52,0.004514651525158178,0.0017815232881062833
breast_cancer,RC-Logit,100,5,8,0.9825813820673901,0.04481360039297551,0.8129076971600518,0.21943713628560557,0.8818993661387616,0.004090810416521896,0.000283432886359022
breast_cancer,RF-NoCal,100,5,8,0.9875785265562537,0.03809275652846337,0.8409665485938325,0.7641548857560113,0.49579854890412944,0.001172596100492532,0.00010855422419739698
breast_cancer,CF-Iso,100,7,8,0.9785122786978868,0.039963189840015206,0.8331576764546138,0.12774337003292557,0.022845883682382495,0.0008943700756016591,0.00017336714496073185
breast_cancer,CF-Logit,100,7,8,0.9882924043403769,0.03791100278482206,0.8417253523085406,0.005220458894722224,0.016693760583082345,0.004047828207241071,5.585267515042279e-05
breast_cancer,RC-Iso,100,7,8,0.9782267275842376,0.03961658790167711,0.8346047049067761,0.6981819123368074,0.5646562956132462,0.000937414122730805,7.0294037627593725e-06
breast_cancer,RC-Logit,100,7,8,0.9870788121073673,0.03857989763985716,0.8389327831400538,0.22983763567263793,0.29740873623261643,0.001541873866538273,1.776593274355227e-05
breast_cancer,RF-NoCal,100,7,8,0.990434037692747,0.036953322298323384,0.8457235726263173,0.8011054811590665,0.5140666712999956,0.001690952269209051,0.00010601344955242314
breast_cancer,CF-Iso,200,3,8,0.9770845231296402,0.04120364990620875,0.8279788796534194,0.1117103948591025,0.09659403706464183,0.0012564176709134523,0.00012198217059310647
breast_cancer,CF-Logit,200,3,8,0.987864077669903,0.04552632150971769,0.8099321577290612,0.0032549874209275576,0.002454995243118212,0.009052684518108724,4.6293084990595317e-05
breast_cancer,RC-Iso,200,3,8,0.9789406053683609,0.03360952284750142,0.859683601144519,0.0,0.07489060246385919,0.0009656488139757627,7.833281842275126e-05
breast_cancer,RC-Logit,200,3,8,0.9858652198743575,0.046104844096545056,0.8075168837482761,0.03135223651390473,0.21928505612300175,0.005499700941111418,0.000603045951860598
breast_cancer,RF-NoCal,200,3,8,0.98472301541976,0.04167150444919912,0.8260256336951697,0.9051407694091095,0.23921779664201348,0.0009592298323197618,0.00015828646632225492
breast_cancer,CF-Iso,200,5,8,0.9781553398058253,0.0392702636461634,0.8360505740608989,0.8525694937457455,0.43706526553881253,0.0004917574059828818,2.0496363828066173e-05
breast_cancer,CF-Logit,200,5,8,0.9901484865790976,0.03944533680300024,0.8353196611284224,0.13219549407171793,0.0006188832044320233,0.002355201113683136,5.495941619171635e-05
breast_cancer,RC-Iso,200,5,8,0.9675899486007996,0.04237521960363595,0.823087693256722,0.0,3.8141714022836615e-10,0.004512759372190976,0.0015140076980943282
breast_cancer,RC-Logit,200,5,8,0.9872929754426042,0.03886558046993634,0.8377400858764408,0.05888718562112605,0.314811469323262,0.0022936455343633643,0.0007211875102674926
breast_cancer,RF-NoCal,200,5,8,0.989577384351799,0.03576704495970666,0.8506761619550568,0.7359047928492426,0.4031480895251227,0.0017386382807660094,0.00011648879964510823
breast_cancer,CF-Iso,200,7,8,0.9826527698458024,0.03596058021794914,0.8498681715943674,0.9586392758302994,0.9013022317482845,0.0004634157115382084,8.850633954294264e-06
breast_cancer,CF-Logit,200,7,8,0.9908623643632211,0.037256741298915624,0.8444568286234164,0.12282321805886509,0.12017819546595652,0.0025313358643006805,0.00012868799080769405
breast_cancer,RC-Iso,200,7,8,0.9739434608794975,0.041648714236783596,0.8261207805542848,0.0,0.2065916307376252,0.0015035713467397925,9.451165128285507e-05
breast_cancer,RC-Logit,200,7,8,0.988720731010851,0.03291284691466745,0.8625921535362948,0.1542949382439025,0.35257558995670835,0.0014458504383688046,5.54620727110406e-05
breast_cancer,RF-NoCal,200,7,8,0.9902912621359223,0.03461527318247929,0.8554846940135812,0.9918423389006064,0.3751974105818596,0.000424357817600047,6.896453906962825e-05
breast_cancer,CF-Iso,30,3,9,0.9765558397271953,0.045337724826275155,0.8116339284391714,0.026625742947860576,0.10254001392176847,0.0007647917856213995,2.8515757879767177e-05
breast_cancer,CF-Logit,30,3,9,0.9827365728900256,0.05026870130526531,0.7911470453442366,0.01739697167344978,0.0070964399113027845,0.005875430895097738,0.00027975099653612895
breast_cancer,RC-Iso,30,3,9,0.9731457800511509,0.05591326237157053,0.7676954099165822,0.0,0.001349195796263123,0.004174588439164501,0.0012402549883657205
breast_cancer,RC-Logit,30,3,9,0.9749928957090082,0.04888298295441934,0.7969043329681478,0.0006431398848802949,0.00015119803607545907,0.005121087579903858,2.385571658621944e-06
breast_cancer,RF-NoCal,30,3,9,0.9819551008809321,0.0439806576985946,0.8172721779248928,0.17904393111241879,0.22885349191665483,0.003110584793988473,6.841584696922272e-05
breast_cancer,CF-Iso,30,5,9,0.9804631997726626,0.03747674821964029,0.8442941752357912,0.8132365649276426,0.7772926209987024,0.0010513178139143525,3.4418407526185955e-05
breast_cancer,CF-Logit,30,5,9,0.9761295822676896,0.06058258863850071,0.7482956131886332,0.0,1.213556608895794e-24,0.011620467791734295,0.0002312993584249055
breast_cancer,RC-Iso,30,5,9,0.9494884910485933,0.06484359122002578,0.7305922917214018,0.0,8.520366257122954e-63,0.005591361216035576,2.06661760747759e-05
breast_cancer,RC-Logit,30,5,9,0.9849389030974709,0.03915929225475955,0.8373036566039466,0.13621122588971435,0.8009454620144417,0.004370701357432256,0.00065101594010335
breast_cancer,RF-NoCal,30,5,9,0.9772662688263711,0.0420955540445246,0.8251042773776721,2.0610684725586026e-07,0.7184840385119253,0.0012619522644565571,6.604039761369904e-05
breast_cancer,CF-Iso,30,7,9,0.9778346121057119,0.045198341869103834,0.8122130271960124,0.010219740421708257,0.007281586532716452,0.0007823992591561307,5.260556649412159e-05
breast_cancer,CF-Logit,30,7,9,0.9749928957090084,0.051162797984357494,0.7874323137452973,1.3594680936535042e-12,1.5713648847182753e-05,0.01279581399682241,0.001394316541457294
breast_cancer,RC-Iso,30,7,9,0.9730747371412334,0.05274087123617801,0.7808758431632451,0.0,0.21056684584772511,0.001499151062124582,0.00022568653279607056
breast_cancer,RC-Logit,30,7,9,0.983162830349531,0.04170704631623576,0.8267184226579923,0.172312159026337,0.18406240241092975,0.0037693499259496034,2.2693408183696525e-06
breast_cancer,RF-NoCal,30,7,9,0.975206024438761,0.04120081582557216,0.8288216744024501,0.0,0.7420282222968303,0.0016790474359678505,4.610577655845247e-05
breast_cancer,CF-Iso,100,3,9,0.980747371412333,0.04181293030988191,0.8262785030987132,0.0,0.32465701369462485,0.0014130119353716706,1.3202959174164107e-06
breast_cancer,CF-Logit,100,3,9,0.9796817277635692,0.04248490667413472,0.8234866217592536,1.475596130839918e-07,0.001987506068917395,0.002741891185908175,4.3915164865333214e-07
breast_cancer,RC-Iso,100,3,9,0.9778346121057119,0.043423649274044705,0.8195863983486301,0.0,0.006682480089684724,0.006303434745094726,5.5337715773808865e-05
breast_cancer,RC-Logit,100,3,9,0.9779056550156295,0.04339919239288217,0.8196880101221558,0.7682225979228404,0.7213197123527477,0.001126114567418941,1.3678810131843366e-05
breast_cancer,RF-NoCal,100,3,9,0.9789002557544757,0.04232471033175161,0.8241521945423773,0.420449063143444,0.10882065537008731,0.0028005898163885787,8.299658328887857e-05
breast_cancer,CF-Iso,100,5,9,0.9769820971867007,0.04175035720077074,0.8265384775635497,0.0,0.12246801602617678,0.0017885897226848624,3.1648855156546025e-05
breast_cancer,CF-Logit,100,5,9,0.9777635691957942,0.044283873935675844,0.8160123958861755,0.0,3.4329715488394173e-07,0.0037809208139104994,2.455636619650883e-06
breast_cancer,RC-Iso,100,5,9,0.953537936913896,0.06248717265446776,0.740382578063471,0.0,2.8527558213525714e-09,0.006352319040773119,0.0010676204561848159
breast_cancer,RC-Logit,100,5,9,0.9751349815288435,0.04952124577711762,0.7942525223403387,0.0,2.5115142264907e-13,0.005213492842848099,1.4344199570877578e-05
breast_cancer,RF-NoCal,100,5,9,0.9778346121057119,0.03826904276350956,0.8410024041705338,4.669456276085171e-07,0.4426538270923216,0.0032772402265646428,5.764172638485396e-05
breast_cancer,CF-Iso,100,7,9,0.9765558397271952,0.038921337867930623,0.8382922931804264,0.0,0.09007393837588686,0.0009802946912481772,1.6721935166341708e-05
breast_cancer,CF-Logit,100,7,9,0.9803921568627451,0.04504428968909284,0.8128530726344467,0.0,1.1371613129782185e-10,0.005115085815541511,2.0234582079273087e-05
breast_cancer,RC-Iso,100,7,9,0.9753481102585961,0.04909735677295009,0.7960136673205693,0.0,0.001568243532051564,0.0030365874018452718,5.583653258722573e-07
breast_cancer,RC-Logit,100,7,9,0.9771241830065359,0.05539904035949481,0.7698318642864468,0.0,2.274468256811489e-06,0.008123049735833242,0.00018731735587516166
breast_cancer,RF-NoCal,100,7,9,0.9798948564933219,0.042351225826445654,0.8240420297824528,0.0,0.6299910664453707,0.0014199451447840202,0.00010767024437010208
breast_cancer,CF-Iso,200,3,9,0.981457800511509,0.04286417243991521,0.8219108743512986,0.0,0.052363964378104345,0.0016318271099915332,2.9502755485363128e-05
breast_cancer,CF-Logit,200,3,9,0.9809605001420858,0.05038317104273867,0.7906714543249899,2.2917591158133632e-09,4.138751912771045e-06,0.0025186551699929553,2.6733267112291114e-05
breast_cancer,RC-Iso,200,3,9,0.9768400113668656,0.044470986755386285,0.8152349923679667,0.0,0.005551329625061309,0.0034730890454827087,1.4524203108785833e-06
breast_cancer,RC-Logit,200,3,9,0.9825234441602729,0.0458247540931672,0.8096104526231455,0.4607865819401189,0.3626593107208874,0.0019239316982248764,9.895394763250845e-05
breast_cancer,RF-NoCal,200,3,9,0.98025007104291,0.04406819963736228,0.8169084646780178,0.7043665346225223,0.2504168109864896,0.001865442392654754,3.885648393864624e-05
breast_cancer,CF-Iso,200,5,9,0.9776925262858767,0.04135843543016452,0.8281668072728843,0.0,0.040663241464955494,0.001997569441932107,2.4177235750697934e-05
breast_cancer,CF-Logit,200,5,9,0.974850809889173,0.05030139804029882,0.7910111991906255,0.0,2.3932362212293812e-11,0.004610138813930174,1.8190557943478092e-07
breast_cancer,RC-Iso,200,5,9,0.9744955953395851,0.048908278927772116,0.7967992349919033,0.0,1.1072977822981161e-05,0.004528172924943397,6.755270483141167e-06
breast_cancer,RC-Logit,200,5,9,0.98025007104291,0.053396460397530564,0.7781520462511806,0.2997306156653561,0.05123335786981687,0.0049327568694506885,0.00025061832649677713
breast_cancer,RF-NoCal,200,5,9,0.98025007104291,0.03977159032544756,0.8347597225481085,3.6513302245189116e-05,0.4334374403764625,0.0014076881388521384,5.862137914572637e-05
breast_cancer,CF-Iso,200,7,9,0.9820261437908496,0.03483717779456891,0.8552608815159151,0.0,0.2977546523000095,0.0006136551189666505,1.4931365364588774e-05
breast_cancer,CF-Logit,200,7,9,0.9830917874396136,0.05081894483106131,0.7888609312581609,0.0,3.691309325669709e-16,0.005316203417819741,8.311597545006105e-06
breast_cancer,RC-Iso,200,7,9,0.9671781756180734,0.05070031044689914,0.7893538252660163,0.0,5.242467562231427e-10,0.005486137810243924,1.2771683257188966e-05
breast_cancer,RC-Logit,200,7,9,0.9784029553850525,0.050938927205889155,0.788362436711082,1.0247113445660538e-05,4.301801747422739e-06,0.0078060919018833495,0.00019145057856752632
breast_cancer,RF-NoCal,200,7,9,0.9787581699346406,0.03998181657824929,0.8338862889223376,0.0,0.4720109000016508,0.0014633625645360721,6.965897766596209e-05
