dataset,model,n_estimators,max_depth,random_seed,auc,brier,brier_scaled,hosmer_lemshow,speigelhalter
hastie,CF-Iso,30,3,0,0.7775822903211438,0.19429718606632032,0.22111501732801087,0.28987763077379436,-1.2860583109153554
hastie,CF-Logit,30,3,0,0.8085163244398914,0.18991765310751588,0.23867138302630497,6.222897644325709e-05,-0.16917261867112315
hastie,RC-Iso,30,3,0,0.7794530310453877,0.1891745303195437,0.24165036173181897,4.358066285625739e-08,1.6927645840964887
hastie,RC-Logit,30,3,0,0.7872700547859783,0.19339296696947714,0.2247397876596614,0.03993064592233475,2.606063754311932
hastie,RF-NoCal,30,3,0,0.7865573916529331,0.21810462796904262,0.12567740781195336,6.874405267254247e-09,-5.027583014174045
hastie,CF-Iso,30,5,0,0.8157097679390674,0.17438943301766027,0.30091982666298056,0.2484651881245732,-1.8749083052301785
hastie,CF-Logit,30,5,0,0.8179591109527415,0.17940511506923917,0.2808133109335208,0.025571505599068733,-1.5762198100593388
hastie,RC-Iso,30,5,0,0.7797870918890027,0.19258369116809781,0.2279839559427731,0.015466101992351655,0.6071570513502975
hastie,RC-Logit,30,5,0,0.8046857600997728,0.18393162758941636,0.26266774384003067,0.0329345508348986,1.149332922831702
hastie,RF-NoCal,30,5,0,0.8202307246893233,0.20060962529041088,0.1958101520583948,5.949720706110995e-07,-4.423173374897783
hastie,CF-Iso,30,7,0,0.8346844238563984,0.1640524957306486,0.34235781854891223,0.03791066359583761,-0.6082622155236308
hastie,CF-Logit,30,7,0,0.8229922943298739,0.17180941165728417,0.3112624360092836,0.3878996184058311,0.48558834213633645
hastie,RC-Iso,30,7,0,0.8466438020578149,0.1577713757310189,0.36753713349999106,0.03396950634628482,0.9623938957660829
hastie,RC-Logit,30,7,0,0.8203643490267695,0.17633561136672649,0.29311812288960926,0.09607890477848757,-0.009333322694347305
hastie,RF-NoCal,30,7,0,0.8354638991581667,0.1859890687048413,0.2544200176635465,2.6281390625992884e-06,-5.072363382677465
hastie,CF-Iso,100,3,0,0.8117901207073182,0.17824271809878486,0.2854730466843064,0.06380109965679392,-0.2813773777757155
hastie,CF-Logit,100,3,0,0.7852656897242885,0.19659986267733812,0.21188420823302168,0.000780252016436167,1.7864919179051113
hastie,RC-Iso,100,3,0,0.7910115362344662,0.19620625257029312,0.21346208492599972,0.012178572187625969,1.2731405879495987
hastie,RC-Logit,100,3,0,0.8173800721571423,0.18937329200992536,0.24085357975621213,1.2375856509039274e-05,-1.411477073175179
hastie,RF-NoCal,100,3,0,0.8107879381764731,0.2148978323569825,0.13853258598154095,5.113213996654764e-08,-4.680850401669838
hastie,CF-Iso,100,5,0,0.8434813594049263,0.1630501262624497,0.34637604723083737,0.018757846879438378,-0.135120231999581
hastie,CF-Logit,100,5,0,0.8370228497617033,0.16827889836603588,0.3254153109909034,0.03367421303118978,1.007500474680951
hastie,RC-Iso,100,5,0,0.8000311790120708,0.1761934777974097,0.2936878980104729,0.5200448029268794,0.5058438510423787
hastie,RC-Logit,100,5,0,0.8350184847000134,0.17157681965044017,0.31219483459357655,0.0011078709919545293,1.393585767226849
hastie,RF-NoCal,100,5,0,0.8399625851855151,0.19815002577559085,0.2056700227249042,1.2829691531379694e-08,-5.016713935030453
hastie,CF-Iso,100,7,0,0.8500957641085031,0.15387768573364907,0.38314588588355014,0.432123919834432,0.1100007567741573
hastie,CF-Logit,100,7,0,0.8598726114649681,0.15203245790019146,0.39054290628403054,0.17814862194272274,-0.3725224764578099
hastie,RC-Iso,100,7,0,0.7983608747939958,0.18253385077249032,0.26827105387180405,0.0,2.2835376682991306
hastie,RC-Logit,100,7,0,0.831187920359895,0.169272005843467,0.3214342111303715,0.00012177103007382506,0.47877198393614956
hastie,RF-NoCal,100,7,0,0.8574673733909403,0.1800951500352166,0.2780471469792217,1.0643464513071521e-06,-5.220842136599474
hastie,CF-Iso,200,3,0,0.8165115139637432,0.176261384704157,0.2934156775478095,0.24054837378663918,0.01429474520866183
hastie,CF-Logit,200,3,0,0.8234822502338427,0.18142823499523955,0.2727031691429531,3.538545124248671e-06,0.7840472705480065
hastie,RC-Iso,200,3,0,0.806868290944724,0.18006659629932661,0.27816161120041893,0.06662038541268034,-0.4137739372594509
hastie,RC-Logit,200,3,0,0.8154202485412676,0.17630603489870542,0.2932366869679085,0.3213614534989617,0.5169853006498042
hastie,RF-NoCal,200,3,0,0.8120350986593025,0.21724501101735694,0.12912338018074365,4.328428171440635e-09,-4.833125183960755
hastie,CF-Iso,200,5,0,0.8339049485546302,0.16896232786871646,0.3226756265563012,0.04950080658486744,0.5315090768284042
hastie,CF-Logit,200,5,0,0.85069707362701,0.16152116935603872,0.3525052228389166,0.00023929796792665492,-0.1450991217329727
hastie,RC-Iso,200,5,0,0.8194289786646474,0.1753779248232316,0.2969572297852726,0.0,4.680874884929183
hastie,RC-Logit,200,5,0,0.7782726827312815,0.19473859401272267,0.2193455319965686,0.061514197550952665,-0.4989908468758947
hastie,RF-NoCal,200,5,0,0.8496726203732573,0.19639689504032604,0.21269785071358327,1.7612780012221663e-08,-5.788890089581047
hastie,CF-Iso,200,7,0,0.8542603892922364,0.1522156914138602,0.3898083725781739,0.7234767533552438,0.09485920543031726
hastie,CF-Logit,200,7,0,0.8590708654402922,0.15350808525187593,0.3846275144684499,0.36248282326925074,0.692481710154212
hastie,RC-Iso,200,7,0,0.8590040532715693,0.15037524539712763,0.3971862239659042,0.7541016864844674,-0.3887166595070975
hastie,RC-Logit,200,7,0,0.8528350630261459,0.15756684353491834,0.36835704787570045,0.8481484568471055,-0.5107660942506341
hastie,RF-NoCal,200,7,0,0.8610306890561668,0.18050199689413823,0.2764162077202601,1.940189259252989e-07,-5.2883896633086325
hastie,CF-Iso,30,3,1,0.8014407422275749,0.18604454417753036,0.25313310245873,0.00013353655400560882,-1.9914489178679151
hastie,CF-Logit,30,3,1,0.769860386279495,0.19866287201129793,0.20247743070534752,0.20634121902124236,0.6805803949614841
hastie,RC-Iso,30,3,1,0.7805878941968866,0.19060182837910372,0.2348381036567494,0.0826040414835647,1.260532391709961
hastie,RC-Logit,30,3,1,0.7745885186672019,0.19224400746108916,0.22824565451188605,0.30984508287409196,0.33220889037240187
hastie,RF-NoCal,30,3,1,0.774387796065837,0.21701570531855263,0.12880086182837158,2.4585365662965764e-05,-4.353785115057906
hastie,CF-Iso,30,5,1,0.8135287033319952,0.17755021915343178,0.28723316277225297,0.13766975347980837,-0.665337444197714
hastie,CF-Logit,30,5,1,0.823453320843927,0.17669068086248857,0.2906837380068704,0.0003268471481299162,0.8051631192454735
hastie,RC-Iso,30,5,1,0.8290735536821446,0.1689977868682177,0.3215664918979618,0.0,2.861674765889763
hastie,RC-Logit,30,5,1,0.8327311655292386,0.17332853015698604,0.3041809307226574,0.0,2.9435702036130813
hastie,RF-NoCal,30,5,1,0.812391275257594,0.20035286142809985,0.19569304926495434,2.467907603942443e-05,-4.971949290006226
hastie,CF-Iso,30,7,1,0.833266425799545,0.16785246936107642,0.32616431408640534,0.04227351411843827,-1.4199753488977123
hastie,CF-Logit,30,7,1,0.8589143137517283,0.15437857268471233,0.3802546259144426,0.05515951380010076,-0.17960180651225818
hastie,RC-Iso,30,7,1,0.8317721575449396,0.16048431379790826,0.3557434211244148,0.6899229321052534,0.9642046243655944
hastie,RC-Logit,30,7,1,0.83201748516883,0.1763562824232565,0.29202616449917107,2.9024152525813918e-08,3.9735580974734135
hastie,RF-NoCal,30,7,1,0.8216691199429056,0.18652472835593442,0.2512054261102592,0.0005480202788592514,-3.9904881921612256
hastie,CF-Iso,100,3,1,0.7874793701770819,0.18856646270093722,0.24300898152975825,0.01649618996354474,0.2865090719894988
hastie,CF-Logit,100,3,1,0.813640215888309,0.18151912173422252,0.2713001937606482,0.0004028721576688765,0.8360379719398273
hastie,RC-Iso,100,3,1,0.8052321691422455,0.1791085581383927,0.2809772856748587,0.0,3.0825355956405596
hastie,RC-Logit,100,3,1,0.834336946340158,0.17548803608058938,0.29551169778968533,0.00010333274596774356,1.1861896287981357
hastie,RF-NoCal,100,3,1,0.7973593826664882,0.21715013167897423,0.1282612136532547,3.6388869384396116e-07,-4.796966597498285
hastie,CF-Iso,100,5,1,0.8283821758329988,0.1729169289674467,0.3058332839524419,0.002432724579828238,0.7301249595059783
hastie,CF-Logit,100,5,1,0.8318836701012534,0.17191818489467214,0.30984269412014387,3.965938688565984e-12,2.344471648398306
hastie,RC-Iso,100,5,1,0.8278469155626924,0.17765062526543451,0.28683008725237047,0.0,4.991775944186542
hastie,RC-Logit,100,5,1,0.8033364556849101,0.1861510070240561,0.2527057124686628,0.0019740220443359435,1.7338581561899982
hastie,RF-NoCal,100,5,1,0.8181007181408626,0.20001958403251868,0.19703097538129788,1.975337149295875e-06,-4.913228909013554
hastie,CF-Iso,100,7,1,0.841830590124448,0.164151213429081,0.34102282846615406,0.0002931065180746817,1.5776847585509806
hastie,CF-Logit,100,7,1,0.8397787590882734,0.16730701880700075,0.32835399916900543,4.271966714819442e-07,1.97829346602649
hastie,RC-Iso,100,7,1,0.814889156519024,0.1725414946634641,0.30734044695518214,0.3666417769153192,1.6558014419309388
hastie,RC-Logit,100,7,1,0.8649805968152013,0.1524468061937823,0.3880096098202235,0.06620599397681948,0.07918067602502354
hastie,RF-NoCal,100,7,1,0.8458896471742718,0.1828866520521799,0.26581030890333235,1.3917117115069821e-05,-5.062340443696337
hastie,CF-Iso,200,3,1,0.8137740309558856,0.1789403291868791,0.2816526327303127,0.000637220673238903,0.6952197823064004
hastie,CF-Logit,200,3,1,0.8104286542664705,0.18821169126372014,0.2444331944451218,5.215153675575124e-06,2.4094253806294526
hastie,RC-Iso,200,3,1,0.7734064855702752,0.1903347652623082,0.2359102157273858,0.3650710498435872,2.6135346030727855
hastie,RC-Logit,200,3,1,0.7998126589053929,0.1904292796075483,0.23553079242252783,0.0006438280602060198,-0.04680079985024322
hastie,RF-NoCal,200,3,1,0.7991881885900353,0.2165797316537989,0.13055105719069082,9.279810497808683e-08,-5.255713683796993
hastie,CF-Iso,200,5,1,0.8205985994022927,0.17584908785453995,0.2940622727637898,2.007283228522283e-13,3.3486428904220316
hastie,CF-Logit,200,5,1,0.8299210491101299,0.17588468033038518,0.2939193884769764,2.1602294508760167e-08,2.541717903774073
hastie,RC-Iso,200,5,1,0.8249029840760069,0.1726771420699951,0.3067958969490361,0.0,3.401176085715005
hastie,RC-Logit,200,5,1,0.8261742272179847,0.17275414530520716,0.3064867711553305,0.10321591119019691,1.2106167475179734
hastie,RF-NoCal,200,5,1,0.8217583299879566,0.1986104280124602,0.20268796462280125,5.335304018583287e-07,-5.204640700116775
hastie,CF-Iso,200,7,1,0.8416298675230831,0.16039274847345045,0.35611100572681476,0.0028716460513196207,2.0986939618771796
hastie,CF-Logit,200,7,1,0.846157277309425,0.16349174490483862,0.3436702332202384,8.09071335827749e-06,1.7327008600904379
hastie,RC-Iso,200,7,1,0.8217137249654312,0.17448208220034142,0.29955005138361535,0.0006705328006461064,4.235919439713791
hastie,RC-Logit,200,7,1,0.8247468664971676,0.1739444435667572,0.3017083758861614,0.013658268382182204,0.7000216172570226
hastie,RF-NoCal,200,7,1,0.8505285695169276,0.1822990498277482,0.26816920984444725,9.321891891733713e-08,-5.115113633994942
hastie,CF-Iso,30,3,2,0.8015650704726335,0.18897499791991332,0.24379752733127924,0.020392962229764278,-0.9765176906438345
hastie,CF-Logit,30,3,2,0.7924947756880528,0.19255944542165174,0.22945399991335846,0.005565097500276672,-0.3745407504982934
hastie,RC-Iso,30,3,2,0.7575696945444844,0.1973981167006097,0.2100915698254915,0.6668664743277926,0.9292303687249154
hastie,RC-Logit,30,3,2,0.7918723044773465,0.19010550341772106,0.23927369580743874,0.0990159244679859,-1.268798623657954
hastie,RF-NoCal,30,3,2,0.8060779867502557,0.2134591663429501,0.1458216632935171,2.7804801572273163e-08,-4.964882386136928
hastie,CF-Iso,30,5,2,0.7917389177893379,0.18904943692545204,0.24349965215905556,0.010186213576026226,1.108375402463958
hastie,CF-Logit,30,5,2,0.8182828687030367,0.1809415334373093,0.27594424394834227,0.1434105808824061,-0.5050620995766056
hastie,RC-Iso,30,5,2,0.8180160953270196,0.16858757756535522,0.32537984167524925,0.06790386984810992,1.1136227432718993
hastie,RC-Logit,30,5,2,0.7982304032724201,0.19308045429903425,0.22736913045604545,0.00012480924489721712,2.090117473700281
hastie,RF-NoCal,30,5,2,0.8147036592414743,0.19768838040008566,0.20893005041982537,2.107052342270599e-06,-4.142780364419932
hastie,CF-Iso,30,7,2,0.8248188164154551,0.1663232409841828,0.3344408123882241,0.46437074399601075,-0.5129408877870368
hastie,CF-Logit,30,7,2,0.8349117424747676,0.17216394185802766,0.31106866003190214,0.04043830380499791,1.132887602393326
hastie,RC-Iso,30,7,2,0.7873816193143924,0.18527572546649013,0.25860053834937924,0.0,3.1512979971256114
hastie,RC-Logit,30,7,2,0.8078342448090348,0.18121500691388215,0.27484991230939515,0.10536141002946064,0.7177632293362114
hastie,RF-NoCal,30,7,2,0.8243519630074252,0.18478502219384893,0.2605641368793561,0.00010011254169606243,-3.636098175090414
hastie,CF-Iso,100,3,2,0.8141701124894403,0.17438459811676002,0.30218248052517005,0.03492126784188776,-0.2999115653789128
hastie,CF-Logit,100,3,2,0.8371793161709128,0.17332896631659786,0.30640669741257365,7.216449660063518e-15,2.6586201873720157
hastie,RC-Iso,100,3,2,0.7921613089680317,0.1811087813650258,0.27527498453371024,0.026457645401642638,1.3583973970604017
hastie,RC-Logit,100,3,2,0.8230403272420079,0.1831867390539612,0.2669598277152413,1.131250648711557e-11,5.453846691776978
hastie,RF-NoCal,100,3,2,0.8283980258770175,0.21331638999946945,0.14639299720100263,5.060609709062192e-10,-6.082966415717622
hastie,CF-Iso,100,5,2,0.8361566848961807,0.1602330342772556,0.358811387445956,0.01782909491675999,0.4961292403659889
hastie,CF-Logit,100,5,2,0.8416255391045308,0.16826867240705187,0.32665597276089686,0.0011362582827051382,1.9017784126249124
hastie,RC-Iso,100,5,2,0.826286069983549,0.16786373450271422,0.32827637253815845,0.0,3.635300018903343
hastie,RC-Logit,100,5,2,0.8432706415899693,0.16932669378111093,0.3224221937530576,0.0013629585298245983,-2.2407646924173457
hastie,RF-NoCal,100,5,2,0.8313769952425415,0.19600754845322266,0.21565606861455522,8.099047044130003e-08,-5.025099338137732
hastie,CF-Iso,100,7,2,0.8349117424747677,0.1627190429733749,0.3488633734558828,0.311889294749114,1.0199847402031907
hastie,CF-Logit,100,7,2,0.8512293806411454,0.15981600027737008,0.3604801909669064,0.06219770802721836,1.8244501094275833
hastie,RC-Iso,100,7,2,0.8309990662931839,0.16424879039469664,0.3427419351952916,0.0,1.417772009450559
hastie,RC-Logit,100,7,2,0.8381130229869725,0.1701315752152849,0.3192013796907367,0.0027450237277028,0.13696311285887597
hastie,RF-NoCal,100,7,2,0.8432706415899693,0.18161918162771024,0.27323256651576544,1.227894411592878e-05,-4.457543993520312
hastie,CF-Iso,200,3,2,0.8176381663776622,0.17263497162923935,0.30918378699784177,0.27643428943773474,0.01144866694554172
hastie,CF-Logit,200,3,2,0.8121470810546441,0.186990402623576,0.25173908513975196,2.772226892489016e-13,2.8772538047738747
hastie,RC-Iso,200,3,2,0.8129918634120314,0.17517665575655925,0.29901298216662975,0.0,3.4428542883374487
hastie,RC-Logit,200,3,2,0.8189053399137433,0.1777993687496273,0.2885179321743606,3.1037284756840755e-05,0.5804721180310393
hastie,RF-NoCal,200,3,2,0.8215063803299096,0.21450613159047427,0.14163212648869838,5.915858913851935e-10,-5.694914854835795
hastie,CF-Iso,200,5,2,0.8468276199368636,0.1544139676893406,0.3820969680298496,0.08547579955042761,0.13955518916279713
hastie,CF-Logit,200,5,2,0.8361566848961807,0.17049689889244596,0.3177395002303083,7.092410902098667e-05,2.706190458026977
hastie,RC-Iso,200,5,2,0.8093014983771285,0.18309507034876793,0.2673266492646341,2.3561566064866923e-07,1.6454225304253898
hastie,RC-Logit,200,5,2,0.8436708016539949,0.162249121246058,0.35074381254078435,0.1275138027574143,-0.030119210085441446
hastie,RF-NoCal,200,5,2,0.8261971455248766,0.1970802090940947,0.2113637091072641,2.9321832328843556e-06,-5.171374847151554
hastie,CF-Iso,200,7,2,0.8421590858565648,0.16295980771418583,0.34789992911490264,0.11598549801324143,1.3448167294185611
hastie,CF-Logit,200,7,2,0.8541194255479969,0.16068770190179987,0.35699198918847597,0.08396349379930279,2.4270522195419186
hastie,RC-Iso,200,7,2,0.8467164643635232,0.16463861561188486,0.3411820103566032,0.0011593037927710714,3.4394851722030806
hastie,RC-Logit,200,7,2,0.8501622871370771,0.1636201462723676,0.34525751791769677,0.00014786152939783026,3.0254451177387627
hastie,RF-NoCal,200,7,2,0.8506958338891112,0.17905433556196929,0.2834960561745927,1.2286342770950753e-06,-4.960274532464561
hastie,CF-Iso,30,3,3,0.7639507933678017,0.2001247008900655,0.19721772686281447,0.04391525311634137,-0.9430813354522467
hastie,CF-Logit,30,3,3,0.8337047602068104,0.17356305541230024,0.30376738335233455,0.09406063531037234,-2.073062596846039
hastie,RC-Iso,30,3,3,0.7497548582635051,0.2032455635556905,0.18469866642841215,0.05105401127873632,1.3960025914021612
hastie,RC-Logit,30,3,3,0.7638616509181673,0.20331398643106438,0.18442419420592826,0.07310170961817442,0.1888815862495824
hastie,RF-NoCal,30,3,3,0.7891781066143698,0.21849610028216687,0.1235225073366456,6.965590393370746e-08,-4.149072264411788
hastie,CF-Iso,30,5,3,0.790671242645748,0.18784539300323422,0.24647506818100018,0.33065682107697514,-1.057389003498836
hastie,CF-Logit,30,5,3,0.8383624532002139,0.1680249399577364,0.32598303636137116,0.30917441403706936,-1.6225896802715989
hastie,RC-Iso,30,5,3,0.7442503119985736,0.21605529253881395,0.13331358849646746,1.6135981439902025e-12,6.615495507324425
hastie,RC-Logit,30,5,3,0.8200213941879121,0.17980521197201277,0.2787275326492624,0.008669497612892374,1.6417988949993056
hastie,RF-NoCal,30,5,3,0.8271527901586735,0.19997513259743463,0.197817706642489,5.487632637191098e-08,-4.642623325943119
hastie,CF-Iso,30,7,3,0.8723257265109645,0.16075091025250812,0.35516215356009406,0.00017870328501079502,-4.247813422869853
hastie,CF-Logit,30,7,3,0.8267070779105009,0.2720264133616746,-0.09120953835579937,0.0,6.522969723021576
hastie,RC-Iso,30,7,3,0.8121545730076662,0.17541960211618138,0.2963200129053163,8.764554168971816e-05,2.586256437743866
hastie,RC-Logit,30,7,3,0.8479229809235158,0.16294818363089889,0.3463479886441032,0.02683682151860778,0.8928917152194525
hastie,RF-NoCal,30,7,3,0.8550543768942771,0.18502258946149042,0.25779849119566156,6.574649102919494e-08,-4.730606319005696
hastie,CF-Iso,100,3,3,0.8144945623105723,0.17981014517074778,0.27870774356537265,0.09052389404768824,-0.41377886376916734
hastie,CF-Logit,100,3,3,0.8152968443572829,0.1863449378022154,0.2524940095293553,3.0977467444848195e-05,1.1136078485975591
hastie,RC-Iso,100,3,3,0.7794838652166162,0.19651448115184056,0.21169979926610583,0.0,3.665280677106891
hastie,RC-Logit,100,3,3,0.8033740417186666,0.1882254162325994,0.2449506391097368,0.00160213280637711,1.2504593079032222
hastie,RF-NoCal,100,3,3,0.8102157247281155,0.21739662026161738,0.12793297274266524,1.1005840683253609e-10,-5.103454760025144
hastie,CF-Iso,100,5,3,0.8355767516491353,0.16343935791518738,0.34437768709365024,0.3135880619319378,-0.6032490041251306
hastie,CF-Logit,100,5,3,0.8321893385630237,0.1734841653978541,0.30408384356360896,0.00010420839484626132,1.1492408753311978
hastie,RC-Iso,100,5,3,0.8097477268675343,0.17308985784112002,0.3056655729318595,0.31864991352179306,1.7011790494378287
hastie,RC-Logit,100,5,3,0.8390978784096987,0.16803794711934453,0.32593085930018684,0.07018748343331804,1.4901289058397296
hastie,RF-NoCal,100,5,3,0.8230522374754858,0.20130903944266085,0.19246685907294192,2.0373869924483756e-08,-4.518861864212334
hastie,CF-Iso,100,7,3,0.8496835443037974,0.1607988012839556,0.3549700429864502,0.07365898066056276,-0.2831850297137336
hastie,CF-Logit,100,7,3,0.8587092173292922,0.15986021509388018,0.35873509723439045,0.0011267953292416477,0.6266606211110813
hastie,RC-Iso,100,7,3,0.8453378498841149,0.1674552391901229,0.3282683398506392,0.0,3.0670124640884207
hastie,RC-Logit,100,7,3,0.868693171688358,0.14945865000238384,0.4004600418873888,0.2412433086691299,0.15623732355922956
hastie,RF-NoCal,100,7,3,0.8530486717775004,0.18676325533238472,0.2508159663079593,1.464989096700009e-08,-4.53087690153693
hastie,CF-Iso,200,3,3,0.8226510964521305,0.16954230157794295,0.3198962764300738,0.010753493640741962,-0.7669804846508826
hastie,CF-Logit,200,3,3,0.8081208771617044,0.19098527319977296,0.23387972062847362,0.00021592072463672007,2.0114419406975723
hastie,RC-Iso,200,3,3,0.8158094134426813,0.17862278347238145,0.2834707384331284,0.0,1.634140226734949
hastie,RC-Logit,200,3,3,0.8022820467106436,0.18615899745140221,0.2532398925554378,0.0006903996929331635,1.6795877124728105
hastie,RF-NoCal,200,3,3,0.8278659297557497,0.214465664225879,0.1396902397785207,4.6562609323785864e-10,-5.285201468445935
hastie,CF-Iso,200,5,3,0.8293367801747191,0.16895424539321405,0.3222552110273995,0.058018989334048254,0.37639861636765043
hastie,CF-Logit,200,5,3,0.8437778570155108,0.16574047271101197,0.3351469716530987,0.04006523062978429,0.8422907429626303
hastie,RC-Iso,200,5,3,0.8362676056338028,0.16543050508094426,0.33639037897642254,0.0,2.6694785863156443
hastie,RC-Logit,200,5,3,0.7995186307719736,0.18798296911927967,0.245923193941203,0.0013611537700074505,1.4492523465979474
hastie,RF-NoCal,200,5,3,0.8399447316812266,0.1984296376606592,0.20401732084777457,6.2014684498734596e-09,-5.028330615171273
hastie,CF-Iso,200,7,3,0.8548983776074166,0.15643418479359464,0.3724783102414193,0.07873809287990807,-0.0157813407532119
hastie,CF-Logit,200,7,3,0.8599126403993582,0.1560065180677668,0.3741938569219553,0.026727061874644353,0.7191652968497059
hastie,RC-Iso,200,7,3,0.8570155107862365,0.1523251304812626,0.3889614127601341,0.3084203696930078,-1.0846888802329637
hastie,RC-Logit,200,7,3,0.8513549652344446,0.15770513084347712,0.36738002425062666,2.8702736996066847e-05,-0.20594401194364254
hastie,RF-NoCal,200,7,3,0.8528703868782315,0.18509023073358363,0.2575271543045763,1.0805006589453825e-07,-4.911782092543392
hastie,CF-Iso,30,3,4,0.817436330503578,0.18418182595572347,0.26323995128605227,0.0005352447168516239,-2.6158707908708596
hastie,CF-Logit,30,3,4,0.7914351748966622,0.1891535702244701,0.24335209030613325,0.46591909910678597,-0.8172466129896205
hastie,RC-Iso,30,3,4,0.833814836214943,0.17725966317341427,0.29092983307670195,0.0,3.779969477091778
hastie,RC-Logit,30,3,4,0.8279701320058669,0.17185577482973655,0.3125463471853732,0.2823986407551171,-1.5032529952001579
hastie,RF-NoCal,30,3,4,0.8391706298057693,0.2088326744712339,0.1646321746561602,1.9718426891301988e-10,-5.862436429055952
hastie,CF-Iso,30,5,4,0.8523934397084314,0.16063952261078213,0.3574133501502116,0.1441323001787288,-2.1884432028715963
hastie,CF-Logit,30,5,4,0.8356593626383396,0.1712623866688187,0.3149200053249619,0.14034000443202688,0.7916340946651285
hastie,RC-Iso,30,5,4,0.8380594693097471,0.16801804912529505,0.32789793229581077,0.0007688977397904972,3.302346861151124
hastie,RC-Logit,30,5,4,0.8450820036446065,0.16386620959577453,0.34450602855150425,0.06718777695875344,-0.22664614668366442
hastie,RF-NoCal,30,5,4,0.8995510911596071,0.1833255386748748,0.2666652526450628,1.1467493621353242e-12,-6.322390794519183
hastie,CF-Iso,30,7,4,0.8672163207253655,0.14693668191552228,0.41222714910009317,0.5055638280505093,-2.025994036338839
hastie,CF-Logit,30,7,4,0.8859060402684564,0.14866910244652612,0.40529715897651675,0.006781613434052036,-2.324759739268064
hastie,RC-Iso,30,7,4,0.8483488155029113,0.1605982142812531,0.3575785908123571,0.0,-0.5546313660664962
hastie,RC-Logit,30,7,4,0.9006622516556292,0.13693454353259243,0.45223748086878,0.0020695668788375254,-1.6618040913773975
hastie,RF-NoCal,30,7,4,0.8650162229432419,0.1748823337581419,0.3004395733929165,2.283507634648352e-06,-5.208699214919711
hastie,CF-Iso,100,3,4,0.8251922307658119,0.17104321924133822,0.31579671399971376,0.3641223484718785,-1.004961577635181
hastie,CF-Logit,100,3,4,0.8329481310280457,0.1726088674929292,0.3095338426435118,0.04823262899012193,1.3499881462398398
hastie,RC-Iso,100,3,4,0.8513489488421707,0.1555346150586078,0.37783388793836603,0.6747189890768759,0.004295710713460022
hastie,RC-Logit,100,3,4,0.863460598248811,0.1537680978356995,0.38490027089146384,0.12598527182985908,-2.091611652970684
hastie,RF-NoCal,100,3,4,0.8314147295435352,0.2093267673375996,0.16265571534806145,1.1906119423699124e-09,-5.836608046666726
hastie,CF-Iso,100,5,4,0.877061202720121,0.1468553964012468,0.41255230560859535,0.12253728811028675,-0.8403170475713351
hastie,CF-Logit,100,5,4,0.8620827592337437,0.15494366706621876,0.38019778497001255,0.025733707158426822,1.0963655468312132
hastie,RC-Iso,100,5,4,0.8189030623583271,0.18599412419043895,0.2559904361465174,0.0,5.492540394740007
hastie,RC-Logit,100,5,4,0.8103026801191165,0.1843631160567809,0.2625147586510387,0.0036925705602047776,1.2009659073491832
hastie,RF-NoCal,100,5,4,0.8596826525623361,0.18885410691020685,0.244549996803475,3.1647245934962598e-09,-5.765043590482546
hastie,CF-Iso,100,7,4,0.877772345437575,0.14502899198058808,0.419858247999781,0.0,-0.19671007341502045
hastie,CF-Logit,100,7,4,0.8907951464509535,0.1355567568807308,0.4577488724269625,0.10373340591249902,0.14274824345664408
hastie,RC-Iso,100,7,4,0.8827947908795947,0.13862638565503255,0.44546981159371846,0.0,0.4251793145022846
hastie,RC-Logit,100,7,4,0.8587048313258367,0.16286533939729764,0.3485096872858,0.0008875065824789363,1.5424142555919715
hastie,RF-NoCal,100,7,4,0.8793724165518467,0.17306272327827094,0.30771833881308575,9.070107109820924e-09,-5.359365819404641
hastie,CF-Iso,200,3,4,0.8269256411396062,0.17448159511953362,0.30204259919294074,0.22992392253126126,0.5040797110120744
hastie,CF-Logit,200,3,4,0.8300813369483089,0.17463634534121575,0.30142357079383897,0.016213971114424686,1.7752286101523553
hastie,RC-Iso,200,3,4,0.7708342593004134,0.1960544044859976,0.21574752639051586,0.0,2.8930715174212875
hastie,RC-Logit,200,3,4,0.8324814436197165,0.17350063197407034,0.30596662617599313,0.04430415846248725,2.196503758470632
hastie,RF-NoCal,200,3,4,0.8462598337703898,0.20765935675322658,0.16932565412727718,2.042011004732558e-11,-6.316382175293932
hastie,CF-Iso,200,5,4,0.8610382683674829,0.15207073968622115,0.391690005255349,0.5746718415559975,-0.1752205672320943
hastie,CF-Logit,200,5,4,0.8810613805058003,0.14175329657248048,0.4329616120039449,0.4561938944575181,0.22375572566792887
hastie,RC-Iso,200,5,4,0.8363482821458732,0.16552176644770922,0.3378835068094658,0.0,3.163322927311176
hastie,RC-Logit,200,5,4,0.8294590870705365,0.17088538694926447,0.31642807122833005,0.0653830556976761,0.29140287173044416
hastie,RF-NoCal,200,5,4,0.8771500955598026,0.18657138948915974,0.2536812723221309,1.7244161654161871e-10,-6.182698918815016
hastie,CF-Iso,200,7,4,0.8878172363216141,0.13709940451200173,0.4515780076412216,0.2862046273033517,-0.5366625137314401
hastie,CF-Logit,200,7,4,0.8886172718787502,0.13817732432483013,0.44726613675120175,0.5982112329817165,0.6586262580690263
hastie,RC-Iso,200,7,4,0.8880172452108983,0.1298526179555988,0.4805664422417044,0.0,1.323733708938533
hastie,RC-Logit,200,7,4,0.869860882705898,0.14756364119404014,0.40971920052164046,0.0006213858499225511,0.48604709075530966
hastie,RF-NoCal,200,7,4,0.8922174318858616,0.17108854112804475,0.31561541839530527,3.536555603922409e-09,-5.856509179984658
hastie,CF-Iso,30,3,5,0.822714126807564,0.17686389042233827,0.2917575022019825,0.017076006807733912,-2.3277996351875587
hastie,CF-Logit,30,3,5,0.8447385984427142,0.16735499041232943,0.3298354110296041,0.019352609344989724,-3.1494150594847596
hastie,RC-Iso,30,3,5,0.7959510567296997,0.1784379264641823,0.285454354537201,0.3831439638120009,-0.005141429152258675
hastie,RC-Logit,30,3,5,0.8482981090100111,0.16199192896159337,0.3513115191749321,2.6837201796636734e-05,3.627074617123675
hastie,RF-NoCal,30,3,5,0.8431813125695217,0.21187374169509118,0.15156232469151476,7.706657534356509e-11,-7.923644689873376
hastie,CF-Iso,30,5,5,0.8092769744160178,0.17465162712590696,0.30061639860593437,0.3482467129711011,-0.6896202028113481
hastie,CF-Logit,30,5,5,0.8474749721913236,0.16264530957940096,0.34869508955968476,0.18848498237183553,-1.7957311762450505
hastie,RC-Iso,30,5,5,0.8016017797552836,0.18478491811230136,0.2600381477149223,0.0,2.3094540358703846
hastie,RC-Logit,30,5,5,0.8153948832035595,0.17830472077271659,0.2859877699868969,0.017156110052890305,0.8078150159973194
hastie,RF-NoCal,30,5,5,0.8395105672969967,0.19411521699463255,0.2226754380637629,5.020887205997582e-08,-6.319007835054207
hastie,CF-Iso,30,7,5,0.841979977753059,0.16615230603051653,0.3346514997665634,0.2598998838988633,-1.9845279864920033
hastie,CF-Logit,30,7,5,0.874749721913237,0.14464781855843498,0.4207651314678911,0.03667990374599461,-1.9523271899335135
hastie,RC-Iso,30,7,5,0.8217575083426027,0.1689759298927413,0.32334444091894476,0.7559132202245866,-1.0204828775344454
hastie,RC-Logit,30,7,5,0.838976640711902,0.16527787496506147,0.338153114711656,0.008231576947698271,-0.034874137590433105
hastie,RF-NoCal,30,7,5,0.8777308120133483,0.17478269175506672,0.3000915569318797,5.840900429987528e-09,-6.447802859494575
hastie,CF-Iso,100,3,5,0.8394660734149054,0.16713320877484242,0.330723524372155,0.10868065077151812,-0.42594990573876207
hastie,CF-Logit,100,3,5,0.8505005561735262,0.1589466547145963,0.3635061657702485,0.06082258314885969,-1.0173608488914603
hastie,RC-Iso,100,3,5,0.8050723025583981,0.17801643090644423,0.28714221216551816,0.0,2.2477185981449797
hastie,RC-Logit,100,3,5,0.8513459399332591,0.16372763709969904,0.34436096378318526,0.012365752038330347,1.9328842574053884
hastie,RF-NoCal,100,3,5,0.8656284760845383,0.2088782920067774,0.16355745136329403,4.4786396813378815e-13,-8.27412237079811
hastie,CF-Iso,100,5,5,0.8612458286985539,0.15181302225019724,0.39207243592802,0.14677845854387528,-0.13290098633625436
hastie,CF-Logit,100,5,5,0.8665183537263625,0.15212431827582173,0.39082586674865605,0.06352596617842665,0.5679708750746041
hastie,RC-Iso,100,5,5,0.8421802002224694,0.15916309814142596,0.36263942902209856,0.15536371396528703,1.2890155770059446
hastie,RC-Logit,100,5,5,0.8811123470522804,0.14125662176240109,0.4343450074030658,0.06191557383163093,0.936795983303162
hastie,RF-NoCal,100,5,5,0.8516573971078977,0.19078185980853013,0.23602369820833324,4.2668979460813716e-10,-6.766708172793789
hastie,CF-Iso,100,7,5,0.8721690767519465,0.14517848010182016,0.4186401241751362,0.6837463454369239,-1.5616198360939555
hastie,CF-Logit,100,7,5,0.87559510567297,0.1456871566398686,0.4166031547235518,0.06427203844907237,-0.3979130458958482
hastie,RC-Iso,100,7,5,0.8568631813125694,0.15479896728940307,0.38011537014254615,0.0,1.5397463673091931
hastie,RC-Logit,100,7,5,0.884182424916574,0.13963644912642909,0.440832906723977,0.73979805317123,0.7822846774604034
hastie,RF-NoCal,100,7,5,0.8695884315906562,0.17828227224068044,0.2860776639972753,2.546276867132491e-08,-6.523426470122267
hastie,CF-Iso,200,3,5,0.8396662958843158,0.16477276242598746,0.3401758123097277,0.011560024624046483,-0.32738609608445995
hastie,CF-Logit,200,3,5,0.8613570634037819,0.15505210419348203,0.37910169622187395,0.002379366170897179,-0.5947380253091848
hastie,RC-Iso,200,3,5,0.8063403781979978,0.17701390028785516,0.29115679528778804,0.22220984738458105,0.017807980557341455
hastie,RC-Logit,200,3,5,0.8369299221357063,0.16635298227011125,0.3338479019216902,0.17855940728501019,-1.06192746481209
hastie,RF-NoCal,200,3,5,0.8500556173526139,0.20984361567122015,0.15969186160579252,5.295763827461997e-14,-7.838050219396486
hastie,CF-Iso,200,5,5,0.8717241379310345,0.14653001639354257,0.41322796549860596,0.0956062189555742,-0.8935105701879144
hastie,CF-Logit,200,5,5,0.8674527252502781,0.15071422941853393,0.3964724962105427,0.09963016703097127,0.05434546840177537
hastie,RC-Iso,200,5,5,0.8270300333704116,0.17049387608684358,0.31726590221063755,0.0,0.7724761435275423
hastie,RC-Logit,200,5,5,0.8262513904338152,0.17341515824010226,0.30556777567923454,0.17614724438320206,-2.2285124771175036
hastie,RF-NoCal,200,5,5,0.87119021134594,0.19093687361309145,0.2354029532734937,2.5675572778993683e-11,-7.4434124788748
hastie,CF-Iso,200,7,5,0.8822914349276975,0.13883767512363332,0.44403155679078987,0.2338395599050076,-0.9320364414453643
hastie,CF-Logit,200,7,5,0.8774638487208009,0.14335955525084892,0.4259239166818063,0.05249482344504319,-0.031456941126273556
hastie,RC-Iso,200,7,5,0.8818242491657398,0.13957331803033707,0.44108571200309965,0.0,0.03611166910231071
hastie,RC-Logit,200,7,5,0.8691434927697441,0.14800725739392254,0.407312428678397,0.7090719788214608,0.8248017312673729
hastie,RF-NoCal,200,7,5,0.8804894327030034,0.17504563735022713,0.2990386046042073,4.293949307232481e-09,-6.806671624022396
hastie,CF-Iso,30,3,6,0.7503333926031295,0.20960832995319895,0.16141759887144802,0.009500390850640694,-0.35828242197279936
hastie,CF-Logit,30,3,6,0.7996088193456614,0.19198023665234604,0.23194250983680897,0.0146217755429644,-2.056069875054238
hastie,RC-Iso,30,3,6,0.7124377667140824,0.21602987542005206,0.13572684975974902,0.29126330226115327,1.2947297777526814
hastie,RC-Logit,30,3,6,0.7572679587482218,0.21373076943422825,0.14492490891356047,1.634175127551707e-06,-0.06399951125634706
hastie,RF-NoCal,30,3,6,0.7461770981507824,0.22450801324519357,0.10180826848917934,2.7643325267723284e-06,-2.866839339991475
hastie,CF-Iso,30,5,6,0.762646692745377,0.19667454518340624,0.21316193694405394,0.6675469902295079,-0.6071327568604621
hastie,CF-Logit,30,5,6,0.7984752844950213,0.19214830225192875,0.23127012790391233,0.0005368793440468922,-0.2104982558188817
hastie,RC-Iso,30,5,6,0.7611575391180654,0.20287800825897626,0.1883436725058738,0.0,3.0542889952961096
hastie,RC-Logit,30,5,6,0.7941856330014224,0.18830206930252052,0.24665779528685772,5.8507302780341774e-08,0.14418731943193988
hastie,RF-NoCal,30,5,6,0.7894070056899004,0.2048630525379452,0.18040208355196174,0.00026481319044424634,-4.082946643379542
hastie,CF-Iso,30,7,6,0.8231907894736843,0.16648910278285303,0.3339251755664663,0.1484632552040026,-1.2571006527038138
hastie,CF-Logit,30,7,6,0.8127667140825034,0.18144483124612795,0.2740916246376459,0.0008318956971369307,0.5143988720838987
hastie,RC-Iso,30,7,6,0.8386602062588905,0.16468459073739591,0.341144507185027,0.0,4.07188300976093
hastie,RC-Logit,30,7,6,0.787828947368421,0.19412244954762742,0.2233721346334251,0.0030370584143829538,1.0677387016294617
hastie,RF-NoCal,30,7,6,0.8127222617354196,0.19008979073252963,0.23950563807220537,8.268007592404647e-05,-3.593905951182183
hastie,CF-Iso,100,3,6,0.7834503911806544,0.183185650544303,0.2671271093088873,0.07045541239799735,-0.0748222259301293
hastie,CF-Logit,100,3,6,0.7859619487908961,0.19862998607173563,0.2053387826077433,1.6627243543121395e-06,1.8261571441264055
hastie,RC-Iso,100,3,6,0.7844505689900426,0.19494191351374354,0.22009369593541428,0.14260832102213916,1.826070712048473
hastie,RC-Logit,100,3,6,0.749422119487909,0.22037849987021266,0.1183292590540923,3.712192985227958e-07,0.5917446740851549
hastie,RF-NoCal,100,3,6,0.7816500711237554,0.22008380961221358,0.11950822968086672,3.8880339070512804e-07,-4.609369306113004
hastie,CF-Iso,100,5,6,0.7867620910384069,0.18401799980285266,0.2637971202766385,0.44517565117576396,0.888874164072363
hastie,CF-Logit,100,5,6,0.7986308677098151,0.19116722155338195,0.23519514847953515,1.917695284781029e-05,2.4295904314613113
hastie,RC-Iso,100,5,6,0.827502667140825,0.1719467893624688,0.31209054753635346,0.0,4.029571265552351
hastie,RC-Logit,100,5,6,0.8157005689900426,0.18330981001336194,0.2666303831257746,3.336323029956567e-06,2.4496014542279347
hastie,RF-NoCal,100,5,6,0.795074679943101,0.2065121079657477,0.17380468897060386,3.6990613384579873e-06,-3.7565579062182968
hastie,CF-Iso,100,7,6,0.8337704480796586,0.16239516513856478,0.350303837905813,0.031158952754436697,0.32026226033083954
hastie,CF-Logit,100,7,6,0.8277916073968705,0.1760584465918111,0.2956409942539562,0.0003120488110656128,1.9166943385611712
hastie,RC-Iso,100,7,6,0.8411273115220483,0.15695878686554054,0.3720532175542919,0.19839372192127358,1.2589016281665657
hastie,RC-Logit,100,7,6,0.7972972972972973,0.18878698066236504,0.24471780496031048,0.003095801145006072,-0.4962249066946807
hastie,RF-NoCal,100,7,6,0.8348595305832148,0.18724764208111247,0.2508762541207271,6.919393974458288e-07,-4.666820619947019
hastie,CF-Iso,200,3,6,0.7847395092460883,0.18616581971724125,0.2552043130089032,0.0,0.8277163031226203
hastie,CF-Logit,200,3,6,0.770448079658606,0.20938120406893806,0.16232626394894978,9.873396278337054e-08,3.387447145153442
hastie,RC-Iso,200,3,6,0.7657583570412518,0.19497208104174632,0.21997300436712441,0.0,2.0260000959530458
hastie,RC-Logit,200,3,6,0.765647226173542,0.2028134464899465,0.18860196550074737,0.014493562926867432,-0.1772285792340002
hastie,RF-NoCal,200,3,6,0.789651493598862,0.22027613221099931,0.11873880249866908,1.3177241520168081e-09,-4.482144726243287
hastie,CF-Iso,200,5,6,0.8055209815078237,0.1759086543286977,0.2962402698442925,0.11152475204688639,0.5003406031797958
hastie,CF-Logit,200,5,6,0.8222795163584637,0.17874546578143605,0.2848910063865022,4.803088733407179e-07,1.7111671722149364
hastie,RC-Iso,200,5,6,0.8297252844950211,0.1682209743723776,0.32699645743625605,0.0,1.8548270085855412
hastie,RC-Logit,200,5,6,0.7989864864864865,0.18628895032244563,0.2547117030129753,0.0027454682194620883,0.13359145565752822
hastie,RF-NoCal,200,5,6,0.8078325035561877,0.20487821560177039,0.18034142051212054,6.380935879679583e-08,-4.375437542618464
hastie,CF-Iso,200,7,6,0.8332814722617353,0.1677624343931311,0.3288309434840949,0.006479430835560018,1.0171425350862875
hastie,CF-Logit,200,7,6,0.8397937411095306,0.16910951638731897,0.3234416574120418,0.01208442232422613,1.6635256367469182
hastie,RC-Iso,200,7,6,0.82925853485064,0.1644469957787746,0.34209505600596923,0.0,3.161824412501041
hastie,RC-Logit,200,7,6,0.843794452347084,0.1616380512240256,0.35333283205181787,0.2584882894477416,-0.03942217484211205
hastie,RF-NoCal,200,7,6,0.841438477951636,0.18642539389613566,0.25416583167442164,1.5655898799593615e-09,-4.959972254626333
hastie,CF-Iso,30,3,7,0.8208587048313258,0.182464747172147,0.2701085716923761,0.0015676006370333173,-1.1058076564940396
hastie,CF-Logit,30,3,7,0.8310591581848081,0.18287526079799013,0.26846644420555976,7.865033205822769e-07,-0.17875817649767772
hastie,RC-Iso,30,3,7,0.8008355926930085,0.18124587062331324,0.27498429458650653,0.01658031021056372,2.1195530483329046
hastie,RC-Logit,30,3,7,0.813258367038535,0.19068124653534976,0.23724111346364385,0.005733613783578395,-0.7596310685580897
hastie,RF-NoCal,30,3,7,0.8308813725054447,0.20863443837727233,0.16542515427554516,2.366711604473437e-09,-5.084680611218375
hastie,CF-Iso,30,5,7,0.851460064891773,0.16441058974472383,0.3423284111727124,0.013712821844776957,-1.3823067335540296
hastie,CF-Logit,30,5,7,0.8506155829147962,0.1670642216689665,0.3317134116979873,0.01709158786376752,-0.000541923689462058
hastie,RC-Iso,30,5,7,0.8400595582025867,0.1773343675774476,0.29063100217919535,0.019922091789740026,1.605010032188432
hastie,RC-Logit,30,5,7,0.8361260500466687,0.16488065189947018,0.34044807898340745,0.15191908162110324,-0.4003714840261822
hastie,RF-NoCal,30,5,7,0.8508155918040801,0.1912274829790717,0.23505607057573885,2.4247998720028363e-08,-4.595706340830818
hastie,CF-Iso,30,7,7,0.8623716609627095,0.15641522726266122,0.3743112825619135,0.02280495679361738,-0.7009794003451426
hastie,CF-Logit,30,7,7,0.8669274189963997,0.16913309084170683,0.32343756719171457,2.541379948584055e-05,1.3444980422703012
hastie,RC-Iso,30,7,7,0.8848393261922751,0.1432829875416913,0.42684257616995347,0.0,1.7679524686731445
hastie,RC-Logit,30,7,7,0.8276812302769011,0.1776771419507569,0.28925984374558333,0.00017254320796455946,0.45774994472384983
hastie,RF-NoCal,30,7,7,0.8615049557758123,0.17868220472527716,0.28523941396173413,3.5852160360505536e-06,-3.366933462767716
hastie,CF-Iso,100,3,7,0.8383705942486332,0.1646487863741544,0.34137558230704057,0.5238048623580684,-0.29092142553229317
hastie,CF-Logit,100,3,7,0.8448153251255609,0.17117179505493443,0.3152823878863906,0.00011098297329759088,1.7365107370499722
hastie,RC-Iso,100,3,7,0.8370594248633273,0.173331356759458,0.3066437571291516,0.00046974817783163036,2.943406250889112
hastie,RC-Logit,100,3,7,0.8082581448064359,0.18725119581074873,0.25096192617594626,0.02574593392460589,1.1666550449052864
hastie,RF-NoCal,100,3,7,0.8331036934974888,0.2101334330053572,0.15942890926342745,1.80181536357793e-10,-5.147488456804028
hastie,CF-Iso,100,5,7,0.8533490377350105,0.16144102664038748,0.3542071915358517,0.02283964588734666,0.9276746611242322
hastie,CF-Logit,100,5,7,0.8662607226987866,0.16124882601888377,0.3549760281923846,0.0005379650921902845,2.2111255183035814
hastie,RC-Iso,100,5,7,0.8423929952442331,0.17850521157156915,0.2859474180434143,0.0,5.323527298386644
hastie,RC-Logit,100,5,7,0.875905595804258,0.1544646280678639,0.3821140261297057,3.9258273522579934e-05,4.073600530085216
hastie,RF-NoCal,100,5,7,0.8644828659051513,0.1907401523913645,0.23700547956696727,4.6635517669813e-10,-4.8040290830479995
hastie,CF-Iso,100,7,7,0.8687719454197964,0.15384746836086202,0.384582774679871,0.0,0.5702169888212331
hastie,CF-Logit,100,7,7,0.8744388639495088,0.15582486094052664,0.37667285280912943,0.002356223427846471,2.1215619344783
hastie,RC-Iso,100,7,7,0.8525267789679541,0.1574858726736519,0.37002851057252895,0.013746501090209917,1.0743826503382226
hastie,RC-Logit,100,7,7,0.8572825458909284,0.1554227108907962,0.378281524504571,0.4671912312413148,0.6602294604808714
hastie,RF-NoCal,100,7,7,0.8750166674074404,0.17682175327158856,0.2926815505381142,1.2552150896461e-07,-4.53418014221891
hastie,CF-Iso,200,3,7,0.8404817991910751,0.1676585174263775,0.3293361230110683,0.06134332771572293,0.9481969593221745
hastie,CF-Logit,200,3,7,0.82812569447531,0.1824772579462019,0.27005852637192007,0.00013591633586884644,2.675331590154483
hastie,RC-Iso,200,3,7,0.8396595404240188,0.17365874436429188,0.3053341485049883,0.0,4.543312721312342
hastie,RC-Logit,200,3,7,0.8603493488599494,0.1566274159971015,0.37346248990003406,0.008468105344275667,1.6844552252847025
hastie,RF-NoCal,200,3,7,0.8404373527712343,0.20927047329605666,0.16288090152250767,1.6819774462106807e-09,-5.193684326840851
hastie,CF-Iso,200,5,7,0.8517934130405797,0.16325316319103295,0.3469583231613421,0.0015753465637450281,1.2075380418843737
hastie,CF-Logit,200,5,7,0.8543046357615893,0.16905071434938204,0.3237670878063744,0.00012965575804013696,3.0012415364088016
hastie,RC-Iso,200,5,7,0.8522601004489088,0.16220059726476843,0.3511687739975484,0.0,4.566369622267635
hastie,RC-Logit,200,5,7,0.8221698742166319,0.19030138403567606,0.23876063099645117,2.4562234361980018e-05,2.0426560612228912
hastie,RF-NoCal,200,5,7,0.8644828659051513,0.19015226642555882,0.23935712794789576,1.0615308632111464e-09,-5.150766494820247
hastie,CF-Iso,200,7,7,0.8665940708475932,0.15215032089340483,0.3913716662782153,0.03706756019628887,0.9837305745347725
hastie,CF-Logit,200,7,7,0.8735943819725321,0.15829758297237637,0.3667815250671642,0.00025466390920780846,2.7907873246674986
hastie,RC-Iso,200,7,7,0.8776167829681318,0.14297670711503235,0.42806775232886296,0.0,2.947364756291582
hastie,RC-Logit,200,7,7,0.8674607760344906,0.15097165920523428,0.3960865225800665,0.6547021091283571,-0.6012451948539258
hastie,RF-NoCal,200,7,7,0.8744388639495089,0.1759860143044497,0.2960246549890896,4.599384950676466e-08,-4.5150235001007895
hastie,CF-Iso,30,3,8,0.7934062513894447,0.18480395005098127,0.2604883951541366,0.02690161230669863,-1.7016072162142784
hastie,CF-Logit,30,3,8,0.8082344048730603,0.1850481865228084,0.2595110583320992,0.13448325095907965,-2.249782633784262
hastie,RC-Iso,30,3,8,0.7805122048819527,0.18795978194155433,0.24786001624027887,0.9093357398160457,-0.2868165367559397
hastie,RC-Logit,30,3,8,0.7818016095327018,0.1997560436188498,0.20065608795978473,0.003276120481537137,-0.8196555914676384
hastie,RF-NoCal,30,3,8,0.8239295718287315,0.21188599471290076,0.15211686789555523,1.3176661983749227e-09,-6.62591058902379
hastie,CF-Iso,30,5,8,0.8261749144102085,0.17176910590629654,0.3126486358291455,0.18374564732100185,-2.4686226473628636
hastie,CF-Logit,30,5,8,0.8377573251522831,0.16876862635271872,0.3246553567318179,0.05700865843792435,-1.9237297766930874
hastie,RC-Iso,30,5,8,0.7877150860344138,0.18804887028618372,0.24750352026337052,0.056623677465793554,1.2386018352704886
hastie,RC-Logit,30,5,8,0.8312658396692011,0.17223290085027793,0.3107927136843621,0.16476504032158978,-1.299710281870945
hastie,RF-NoCal,30,5,8,0.8696367435863234,0.18964449667714664,0.24111846067568377,6.802853280696297e-09,-7.062558906579033
hastie,CF-Iso,30,7,8,0.8068783068783069,0.19533913893756016,0.21833077656038358,4.941023842741643e-06,-2.381902015949999
hastie,CF-Logit,30,7,8,0.8499399759903962,0.1612169914263314,0.35487398388822977,0.5169065129369504,-0.667956584777505
hastie,RC-Iso,30,7,8,0.8791738917789338,0.14243439643696276,0.43003442802335834,0.0,1.649134945333261
hastie,RC-Logit,30,7,8,0.8108132141745588,0.1792254379453481,0.28281137276771473,0.49761695706324016,-0.06695488600731461
hastie,RF-NoCal,30,7,8,0.8602107509670535,0.18009734269094996,0.27932235817947204,5.92672946386763e-07,-6.02391490016113
hastie,CF-Iso,100,3,8,0.8428704815259437,0.16552032211431789,0.3376537730519492,0.12278994192475823,-2.012738387531816
hastie,CF-Logit,100,3,8,0.8356231381441465,0.165961097909451,0.3358899643479353,0.4673820377928152,0.2807231535291678
hastie,RC-Iso,100,3,8,0.7445422613489839,0.20596520523312076,0.17580950286866448,0.0,3.300419836344188
hastie,RC-Logit,100,3,8,0.8256191365435063,0.1813885197343618,0.2741555832958712,0.00036730952556529584,-0.9134627344745968
hastie,RF-NoCal,100,3,8,0.8320216975679161,0.2114940378416138,0.1536853227626499,9.703852166254023e-10,-6.960659470247486
hastie,CF-Iso,100,5,8,0.8365790760748745,0.16590199728458374,0.3361264614462436,0.041650722658431616,-1.410146079242087
hastie,CF-Logit,100,5,8,0.8561646880974613,0.15556273496970235,0.37750006014524873,0.560356894353931,-0.04401905364837901
hastie,RC-Iso,100,5,8,0.8598105909030278,0.15758679469953735,0.36940058143442445,0.028017753592914918,0.969161734003761
hastie,RC-Logit,100,5,8,0.8279756346983238,0.17033046878470098,0.31840548705601845,0.10207596331518454,-0.8087345575861837
hastie,RF-NoCal,100,5,8,0.8516740029345071,0.1952455842781446,0.21870514494539983,6.648809613984952e-09,-6.661713646502479
hastie,CF-Iso,100,7,8,0.8771508603441377,0.1476886911409352,0.40900883897184803,0.01869467643693956,-2.092154476863272
hastie,CF-Logit,100,7,8,0.8718153928237962,0.14609577130511794,0.41538306800673097,0.5376447257413346,-0.9736124692777566
hastie,RC-Iso,100,7,8,0.8283535636476813,0.16562315639587744,0.33724227132502027,0.4768799633850863,-0.9652335829071916
hastie,RC-Logit,100,7,8,0.8701702903383576,0.14756912221884363,0.4094873060470443,0.8663517618756851,-0.20879994100431212
hastie,RF-NoCal,100,7,8,0.8703481392557022,0.18055783650506466,0.2774796458380766,1.374195390813071e-08,-6.299545726535809
hastie,CF-Iso,200,3,8,0.8184384865057134,0.17837744599248262,0.2862046979092332,0.1008444929921486,-0.1803766701253997
hastie,CF-Logit,200,3,8,0.827264239028945,0.17162762857619376,0.31321477160386657,0.8277734496470167,0.8100437441744892
hastie,RC-Iso,200,3,8,0.8104797474545373,0.17196245384847664,0.31187493457992543,0.008166675055050199,2.6256117779234316
hastie,RC-Logit,200,3,8,0.8087679516250944,0.18237846881123165,0.27019420243604786,0.021639031714906998,1.95115019545285
hastie,RF-NoCal,200,3,8,0.8389578053443599,0.21151499726095072,0.15360145153681193,2.9412028368369647e-12,-6.958326507412673
hastie,CF-Iso,200,5,8,0.846427459872838,0.1599450712277573,0.35996370056919846,0.20772215349513712,-0.6672747836423728
hastie,CF-Logit,200,5,8,0.8706149126317193,0.14621399856059256,0.41490996974552796,0.5966898336855495,-0.7722562233957051
hastie,RC-Iso,200,5,8,0.8218620781645991,0.17206341928797397,0.3114709112125892,0.23348275132408824,-0.3457622375434937
hastie,RC-Logit,200,5,8,0.8348672802454316,0.1691523357253332,0.32311990506069155,0.02647752738788245,-0.7881857339554686
hastie,RF-NoCal,200,5,8,0.8641678893779734,0.19235646421616046,0.23026624963521225,3.331191988920068e-10,-6.967413115372431
hastie,CF-Iso,200,7,8,0.8715708505624472,0.14544461007273968,0.4179887552111258,0.0,-1.070550156373027
hastie,CF-Logit,200,7,8,0.8786181139122315,0.14150485690632897,0.4337540740042859,0.7456771206657783,-0.5094706268966537
hastie,RC-Iso,200,7,8,0.8526077097505669,0.15163583694405805,0.39321393779888736,0.0,-0.19729468903787578
hastie,RC-Logit,200,7,8,0.879729669645636,0.1392531408993293,0.4427645422195706,0.000915028251856298,0.08565450589765891
hastie,RF-NoCal,200,7,8,0.885198523853986,0.17697522189305748,0.29181583876327544,1.8346527630441756e-09,-6.94013468959811
hastie,CF-Iso,30,3,9,0.8126901055645017,0.18413555706283552,0.25871353839438205,0.003956415159067639,-3.3257431002433466
hastie,CF-Logit,30,3,9,0.8443147253533727,0.16839215631649126,0.32209276845212864,0.021287284209384416,-3.2278867174257524
hastie,RC-Iso,30,3,9,0.7682054034711039,0.1934421370268682,0.2212474354795968,0.4074303772649389,1.8137680132413025
hastie,RC-Logit,30,3,9,0.8686482376095903,0.1682478933843322,0.32267353710011204,1.6649834366777583e-06,-4.254187712248997
hastie,RF-NoCal,30,3,9,0.8499955269278942,0.20245121512203568,0.18497900514478405,2.767968076966554e-10,-6.9524890666609656
hastie,CF-Iso,30,5,9,0.8749105385578815,0.15463362015210932,0.37748140035382727,0.0001956619845185914,-4.225504330732187
hastie,CF-Logit,30,5,9,0.8878600823045266,0.14140838013394078,0.43072310735128516,0.013796375060098676,-3.7368489337486523
hastie,RC-Iso,30,5,9,0.820048309178744,0.17397144836034753,0.29963185040117757,0.10660400435009032,-0.530670850132485
hastie,RC-Logit,30,5,9,0.86290033995348,0.15220070941977631,0.3872757269735254,0.6049343866854799,-1.5953269363075115
hastie,RF-NoCal,30,5,9,0.8500178922884236,0.19179765246208538,0.2278677437114116,1.9653177296685698e-07,-5.964223645008296
hastie,CF-Iso,30,7,9,0.8690731794596529,0.16050399578765148,0.35384864819786044,0.0010892879489017293,-3.4675349518001903
hastie,CF-Logit,30,7,9,0.869296833064949,0.1571130315214999,0.3674998731018523,0.0060855720127859225,-4.330472256386201
hastie,RC-Iso,30,7,9,0.8647342995169083,0.15596697786043356,0.3721136156987378,0.0,-0.7156495269212961
hastie,RC-Logit,30,7,9,0.8772589014134908,0.14115481214155626,0.4317439124736061,0.9315005093823852,-0.7841755491007706
hastie,RF-NoCal,30,7,9,0.8928251923421006,0.16761163636788246,0.32523495826134285,1.923281378601871e-08,-6.7650010858781515
hastie,CF-Iso,100,3,9,0.8507559491859009,0.16309694511329254,0.3434100438273249,0.03532596909031216,-2.998362379975168
hastie,CF-Logit,100,3,9,0.8769457863660762,0.14613228196299213,0.41170578919890455,0.02658052609298367,-3.1828213589535364
hastie,RC-Iso,100,3,9,0.8531490427625693,0.16352804153356465,0.3416745509920909,0.011085240822682918,-2.877140353805652
hastie,RC-Logit,100,3,9,0.8815977813562355,0.14164977753223396,0.4297512981794125,0.04255520067202567,-2.0123245976710225
hastie,RF-NoCal,100,3,9,0.862497763463947,0.20404914346471104,0.1785461213175885,2.9904967391303217e-12,-7.332215209296521
hastie,CF-Iso,100,5,9,0.8890901771336553,0.1412603362921346,0.4313190970525983,0.024927332571595295,-2.4288019083563097
hastie,CF-Logit,100,5,9,0.8872785829307569,0.1351583732474766,0.45588416567038414,0.37800210781606114,-1.768410629553967
hastie,RC-Iso,100,5,9,0.8901189837180176,0.1399146930437569,0.43673634040355525,0.3322004813978797,-0.3164373832425221
hastie,RC-Logit,100,5,9,0.8869207371622831,0.14152933905099085,0.43023615518924785,0.0630419034717451,-3.0223325217422143
hastie,RF-NoCal,100,5,9,0.9020844516013599,0.1806625694556556,0.27269496998528353,8.859579736508749e-13,-7.774862766589182
hastie,CF-Iso,100,7,9,0.9108069422079084,0.1223619609207879,0.507399513201337,0.09841416374748402,-2.3828574441061674
hastie,CF-Logit,100,7,9,0.9085704061549472,0.12275981935643533,0.5057978286777967,0.23651906406576262,-2.3723563675140618
hastie,RC-Iso,100,7,9,0.8567051350867776,0.15597250290278078,0.3720913731772111,0.0,2.103435258656685
hastie,RC-Logit,100,7,9,0.8878600823045266,0.13971620861304523,0.4375353920569839,0.021495523607788503,-1.8566145998734225
hastie,RF-NoCal,100,7,9,0.9163982823403113,0.16163722322315588,0.3492865409695819,1.2166156970749853e-11,-7.342571719165271
hastie,CF-Iso,200,3,9,0.8754920379316514,0.14987570298336397,0.39663565626665076,0.005937849196370082,-3.1109072072669104
hastie,CF-Logit,200,3,9,0.8584272678475577,0.15414481375974315,0.37944921996882797,0.44129327693068154,-2.0603634560549735
hastie,RC-Iso,200,3,9,0.8342503131150475,0.16353094178089445,0.3416628752782028,0.009197760519247256,1.8941721187500133
hastie,RC-Logit,200,3,9,0.8517176596886742,0.16083296395948204,0.3525242996800241,0.18819762404263463,-2.5156111930082097
hastie,RF-NoCal,200,3,9,0.8713991769547325,0.20208715329244317,0.18644463247808718,2.375877272697835e-14,-7.616559812345894
hastie,CF-Iso,200,5,9,0.894413132939703,0.14115260639774396,0.4317527922796137,0.0028031705992782596,-2.929736218636594
hastie,CF-Logit,200,5,9,0.8938539989264628,0.13280831740838422,0.46534493796946774,0.35617464441559177,-1.696291697902171
hastie,RC-Iso,200,5,9,0.8273170513508677,0.18096677678934991,0.27147030278039497,0.0,-0.6867949105603035
hastie,RC-Logit,200,5,9,0.8624083020218287,0.15356148884399956,0.38179754893719997,0.3201305752825023,-2.1888031782496418
hastie,RF-NoCal,200,5,9,0.9025764895330112,0.1806408609845741,0.2727823631860947,2.716715741257758e-13,-7.6265835169911975
hastie,CF-Iso,200,7,9,0.9058641975308641,0.12774047538686323,0.4857468784747858,0.02074512810816509,-2.863819023838707
hastie,CF-Logit,200,7,9,0.9165324745034891,0.11632211277467192,0.5317145218410955,0.16994709004521558,-2.5397119833871855
hastie,RC-Iso,200,7,9,0.8818661656825908,0.13851983442653923,0.4423517132586988,0.0,-1.698230580999255
hastie,RC-Logit,200,7,9,0.8792270531400966,0.14415678830413384,0.41965866222168346,0.1715604370835101,-1.9566242702952183
hastie,RF-NoCal,200,7,9,0.9077652531758812,0.1653445505543594,0.33436171274412485,6.814027120327637e-11,-7.068010619723053
